event_id,event_type,actor_login,repo_name,org_login,event_date,created_at
1,PushEvent,alice-dev,alice-dev/project-01,0,2024-01-15,2024-01-15T14:42:00Z
2,PushEvent,alice-dev,alice-dev/project-01,0,2024-01-15,2024-01-15T07:20:00Z
3,PushEvent,alice-dev,alice-dev/project-01,0,2024-01-15,2024-01-15T06:57:00Z
4,PushEvent,alice-dev,alice-dev/project-01,0,2024-01-15,2024-01-15T18:22:00Z
5,PushEvent,alice-dev,alice-dev/project-01,0,2024-01-15,2024-01-15T10:10:00Z
6,PushEvent,alice-dev,alice-dev/project-01,0,2024-01-15,2024-01-15T23:52:00Z
7,PushEvent,alice-dev,alice-dev/project-01,0,2024-01-15,2024-01-15T03:39:00Z
8,PushEvent,alice-dev,alice-dev/project-01,0,2024-01-15,2024-01-15T23:02:00Z
9,PushEvent,alice-dev,alice-dev/project-01,0,2024-01-15,2024-01-15T21:52:00Z
10,PushEvent,alice-dev,alice-dev/project-01,0,2024-01-15,2024-01-15T01:23:00Z
11,PushEvent,alice-dev,alice-dev/project-01,0,2024-01-15,2024-01-15T11:29:00Z
12,PushEvent,alice-dev,alice-dev/project-01,0,2024-01-15,2024-01-15T05:01:00Z
13,PushEvent,alice-dev,alice-dev/project-01,0,2024-01-15,2024-01-15T20:32:00Z
14,PushEvent,alice-dev,alice-dev/project-01,0,2024-01-15,2024-01-15T11:57:00Z
15,PushEvent,alice-dev,alice-dev/project-01,0,2024-01-15,2024-01-15T21:43:00Z
16,PushEvent,alice-dev,alice-dev/project-01,0,2024-01-15,2024-01-15T16:26:00Z
17,PushEvent,alice-dev,alice-dev/project-01,0,2024-01-15,2024-01-15T09:27:00Z
18,PushEvent,alice-dev,alice-dev/project-01,0,2024-01-15,2024-01-15T15:14:00Z
19,PushEvent,alice-dev,alice-dev/project-01,0,2024-01-15,2024-01-15T14:50:00Z
20,PushEvent,alice-dev,alice-dev/project-01,0,2024-01-15,2024-01-15T11:54:00Z
21,PushEvent,alice-dev,alice-dev/project-01,0,2024-01-15,2024-01-15T19:56:00Z
22,PushEvent,alice-dev,alice-dev/project-01,0,2024-01-15,2024-01-15T02:36:00Z
23,PushEvent,alice-dev,alice-dev/project-01,0,2024-01-15,2024-01-15T18:06:00Z
24,PushEvent,alice-dev,alice-dev/project-01,0,2024-01-15,2024-01-15T20:08:00Z
25,PushEvent,alice-dev,alice-dev/project-01,0,2024-01-15,2024-01-15T06:17:00Z
26,PushEvent,alice-dev,alice-dev/project-01,0,2024-01-15,2024-01-15T03:24:00Z
27,PushEvent,alice-dev,alice-dev/project-01,0,2024-01-15,2024-01-15T13:49:00Z
28,PushEvent,alice-dev,alice-dev/project-01,0,2024-01-15,2024-01-15T08:25:00Z
29,PushEvent,alice-dev,alice-dev/project-01,0,2024-01-15,2024-01-15T20:01:00Z
30,PushEvent,alice-dev,alice-dev/project-01,0,2024-01-15,2024-01-15T19:27:00Z
31,PushEvent,alice-dev,alice-dev/project-01,0,2024-01-15,2024-01-15T14:59:00Z
32,PushEvent,alice-dev,alice-dev/project-01,0,2024-01-15,2024-01-15T06:43:00Z
33,PushEvent,alice-dev,alice-dev/project-01,0,2024-01-15,2024-01-15T07:46:00Z
34,PushEvent,alice-dev,alice-dev/project-01,0,2024-01-15,2024-01-15T02:13:00Z
35,PushEvent,alice-dev,alice-dev/project-01,0,2024-01-15,2024-01-15T16:35:00Z
36,PushEvent,alice-dev,alice-dev/project-01,0,2024-01-15,2024-01-15T17:39:00Z
37,PushEvent,alice-dev,alice-dev/project-01,0,2024-01-15,2024-01-15T03:01:00Z
38,PushEvent,alice-dev,alice-dev/project-01,0,2024-01-15,2024-01-15T05:53:00Z
39,PushEvent,alice-dev,alice-dev/project-01,0,2024-01-15,2024-01-15T09:03:00Z
40,PushEvent,alice-dev,alice-dev/project-01,0,2024-01-15,2024-01-15T21:28:00Z
41,PushEvent,alice-dev,alice-dev/project-01,0,2024-01-15,2024-01-15T17:25:00Z
42,PushEvent,alice-dev,alice-dev/project-01,0,2024-01-15,2024-01-15T11:33:00Z
43,PushEvent,alice-dev,alice-dev/project-01,0,2024-01-15,2024-01-15T09:35:00Z
44,PushEvent,alice-dev,alice-dev/project-01,0,2024-01-15,2024-01-15T13:30:00Z
45,PushEvent,alice-dev,alice-dev/project-01,0,2024-01-15,2024-01-15T15:14:00Z
46,PushEvent,alice-dev,alice-dev/project-01,0,2024-01-15,2024-01-15T07:13:00Z
47,PushEvent,alice-dev,alice-dev/project-01,0,2024-01-15,2024-01-15T22:59:00Z
48,PushEvent,alice-dev,alice-dev/project-01,0,2024-01-15,2024-01-15T07:20:00Z
49,PushEvent,alice-dev,alice-dev/project-01,0,2024-01-15,2024-01-15T15:44:00Z
50,PushEvent,alice-dev,alice-dev/project-01,0,2024-01-15,2024-01-15T17:46:00Z
51,PushEvent,alice-dev,alice-dev/project-01,0,2024-01-15,2024-01-15T20:23:00Z
52,PushEvent,alice-dev,alice-dev/project-01,0,2024-01-15,2024-01-15T12:40:00Z
53,PushEvent,alice-dev,alice-dev/project-01,0,2024-01-15,2024-01-15T14:44:00Z
54,PushEvent,alice-dev,alice-dev/project-01,0,2024-01-15,2024-01-15T00:24:00Z
55,PushEvent,alice-dev,alice-dev/project-01,0,2024-01-15,2024-01-15T06:08:00Z
56,PushEvent,alice-dev,alice-dev/project-01,0,2024-01-15,2024-01-15T23:00:00Z
57,PushEvent,alice-dev,alice-dev/project-01,0,2024-01-15,2024-01-15T11:07:00Z
58,PushEvent,alice-dev,alice-dev/project-01,0,2024-01-15,2024-01-15T23:10:00Z
59,PullRequestEvent,alice-dev,alice-dev/project-01,0,2024-01-15,2024-01-15T16:07:00Z
60,PullRequestEvent,alice-dev,alice-dev/project-01,0,2024-01-15,2024-01-15T02:34:00Z
61,PullRequestEvent,alice-dev,alice-dev/project-01,0,2024-01-15,2024-01-15T00:58:00Z
62,PullRequestEvent,alice-dev,alice-dev/project-01,0,2024-01-15,2024-01-15T04:41:00Z
63,IssuesEvent,alice-dev,alice-dev/project-01,0,2024-01-15,2024-01-15T08:27:00Z
64,IssuesEvent,alice-dev,alice-dev/project-01,0,2024-01-15,2024-01-15T06:08:00Z
65,PushEvent,alice-dev,alice-dev/project-02,0,2024-01-15,2024-01-15T11:33:00Z
66,PushEvent,alice-dev,alice-dev/project-02,0,2024-01-15,2024-01-15T00:47:00Z
67,PushEvent,alice-dev,alice-dev/project-02,0,2024-01-15,2024-01-15T22:22:00Z
68,PushEvent,alice-dev,alice-dev/project-02,0,2024-01-15,2024-01-15T23:36:00Z
69,PushEvent,alice-dev,alice-dev/project-02,0,2024-01-15,2024-01-15T02:43:00Z
70,PushEvent,alice-dev,alice-dev/project-02,0,2024-01-15,2024-01-15T07:21:00Z
71,PushEvent,alice-dev,alice-dev/project-02,0,2024-01-15,2024-01-15T02:00:00Z
72,PushEvent,alice-dev,alice-dev/project-02,0,2024-01-15,2024-01-15T02:36:00Z
73,PushEvent,alice-dev,alice-dev/project-02,0,2024-01-15,2024-01-15T14:13:00Z
74,PushEvent,alice-dev,alice-dev/project-02,0,2024-01-15,2024-01-15T02:00:00Z
75,PushEvent,alice-dev,alice-dev/project-02,0,2024-01-15,2024-01-15T04:25:00Z
76,PushEvent,alice-dev,alice-dev/project-02,0,2024-01-15,2024-01-15T22:13:00Z
77,PushEvent,alice-dev,alice-dev/project-02,0,2024-01-15,2024-01-15T06:26:00Z
78,PushEvent,alice-dev,alice-dev/project-02,0,2024-01-15,2024-01-15T08:14:00Z
79,PushEvent,alice-dev,alice-dev/project-02,0,2024-01-15,2024-01-15T14:25:00Z
80,PushEvent,alice-dev,alice-dev/project-02,0,2024-01-15,2024-01-15T09:59:00Z
81,PushEvent,alice-dev,alice-dev/project-02,0,2024-01-15,2024-01-15T12:50:00Z
82,PushEvent,alice-dev,alice-dev/project-02,0,2024-01-15,2024-01-15T06:48:00Z
83,PushEvent,alice-dev,alice-dev/project-02,0,2024-01-15,2024-01-15T19:31:00Z
84,PushEvent,alice-dev,alice-dev/project-02,0,2024-01-15,2024-01-15T03:29:00Z
85,PushEvent,alice-dev,alice-dev/project-02,0,2024-01-15,2024-01-15T04:22:00Z
86,PushEvent,alice-dev,alice-dev/project-02,0,2024-01-15,2024-01-15T06:44:00Z
87,PushEvent,alice-dev,alice-dev/project-02,0,2024-01-15,2024-01-15T14:42:00Z
88,PushEvent,alice-dev,alice-dev/project-02,0,2024-01-15,2024-01-15T03:12:00Z
89,PushEvent,alice-dev,alice-dev/project-02,0,2024-01-15,2024-01-15T06:58:00Z
90,PushEvent,alice-dev,alice-dev/project-02,0,2024-01-15,2024-01-15T18:21:00Z
91,PushEvent,alice-dev,alice-dev/project-02,0,2024-01-15,2024-01-15T01:41:00Z
92,PushEvent,alice-dev,alice-dev/project-02,0,2024-01-15,2024-01-15T12:56:00Z
93,PushEvent,alice-dev,alice-dev/project-02,0,2024-01-15,2024-01-15T20:05:00Z
94,PushEvent,alice-dev,alice-dev/project-02,0,2024-01-15,2024-01-15T11:43:00Z
95,PushEvent,alice-dev,alice-dev/project-02,0,2024-01-15,2024-01-15T19:29:00Z
96,PushEvent,alice-dev,alice-dev/project-02,0,2024-01-15,2024-01-15T10:57:00Z
97,PushEvent,alice-dev,alice-dev/project-02,0,2024-01-15,2024-01-15T22:27:00Z
98,PushEvent,alice-dev,alice-dev/project-02,0,2024-01-15,2024-01-15T06:32:00Z
99,PushEvent,alice-dev,alice-dev/project-02,0,2024-01-15,2024-01-15T00:56:00Z
100,PushEvent,alice-dev,alice-dev/project-02,0,2024-01-15,2024-01-15T19:12:00Z
101,PushEvent,alice-dev,alice-dev/project-02,0,2024-01-15,2024-01-15T08:02:00Z
102,PullRequestEvent,alice-dev,alice-dev/project-02,0,2024-01-15,2024-01-15T05:07:00Z
103,PullRequestEvent,alice-dev,alice-dev/project-02,0,2024-01-15,2024-01-15T08:36:00Z
104,PullRequestEvent,alice-dev,alice-dev/project-02,0,2024-01-15,2024-01-15T00:50:00Z
105,PullRequestEvent,alice-dev,alice-dev/project-02,0,2024-01-15,2024-01-15T09:43:00Z
106,PullRequestEvent,alice-dev,alice-dev/project-02,0,2024-01-15,2024-01-15T23:14:00Z
107,PullRequestEvent,alice-dev,alice-dev/project-02,0,2024-01-15,2024-01-15T21:31:00Z
108,PullRequestEvent,alice-dev,alice-dev/project-02,0,2024-01-15,2024-01-15T23:40:00Z
109,PullRequestEvent,alice-dev,alice-dev/project-02,0,2024-01-15,2024-01-15T19:48:00Z
110,IssuesEvent,alice-dev,alice-dev/project-02,0,2024-01-15,2024-01-15T16:57:00Z
111,IssuesEvent,alice-dev,alice-dev/project-02,0,2024-01-15,2024-01-15T19:11:00Z
112,IssuesEvent,alice-dev,alice-dev/project-02,0,2024-01-15,2024-01-15T06:01:00Z
113,IssuesEvent,alice-dev,alice-dev/project-02,0,2024-01-15,2024-01-15T02:48:00Z
114,IssuesEvent,alice-dev,alice-dev/project-02,0,2024-01-15,2024-01-15T04:48:00Z
115,IssuesEvent,alice-dev,alice-dev/project-02,0,2024-01-15,2024-01-15T23:16:00Z
116,PushEvent,alice-dev,alice-dev/project-03,0,2024-01-15,2024-01-15T16:01:00Z
117,PushEvent,alice-dev,alice-dev/project-03,0,2024-01-15,2024-01-15T01:27:00Z
118,PushEvent,alice-dev,alice-dev/project-03,0,2024-01-15,2024-01-15T21:22:00Z
119,PushEvent,alice-dev,alice-dev/project-03,0,2024-01-15,2024-01-15T04:31:00Z
120,PushEvent,alice-dev,alice-dev/project-03,0,2024-01-15,2024-01-15T00:00:00Z
121,PushEvent,alice-dev,alice-dev/project-03,0,2024-01-15,2024-01-15T18:01:00Z
122,PushEvent,alice-dev,alice-dev/project-03,0,2024-01-15,2024-01-15T20:43:00Z
123,PushEvent,alice-dev,alice-dev/project-03,0,2024-01-15,2024-01-15T05:31:00Z
124,PushEvent,alice-dev,alice-dev/project-03,0,2024-01-15,2024-01-15T22:03:00Z
125,PushEvent,alice-dev,alice-dev/project-03,0,2024-01-15,2024-01-15T22:10:00Z
126,PushEvent,alice-dev,alice-dev/project-03,0,2024-01-15,2024-01-15T23:58:00Z
127,PushEvent,alice-dev,alice-dev/project-03,0,2024-01-15,2024-01-15T16:37:00Z
128,PushEvent,alice-dev,alice-dev/project-03,0,2024-01-15,2024-01-15T23:04:00Z
129,PushEvent,alice-dev,alice-dev/project-03,0,2024-01-15,2024-01-15T19:33:00Z
130,PushEvent,alice-dev,alice-dev/project-03,0,2024-01-15,2024-01-15T05:21:00Z
131,PushEvent,alice-dev,alice-dev/project-03,0,2024-01-15,2024-01-15T10:47:00Z
132,PushEvent,alice-dev,alice-dev/project-03,0,2024-01-15,2024-01-15T15:32:00Z
133,PushEvent,alice-dev,alice-dev/project-03,0,2024-01-15,2024-01-15T08:59:00Z
134,PushEvent,alice-dev,alice-dev/project-03,0,2024-01-15,2024-01-15T05:15:00Z
135,PushEvent,alice-dev,alice-dev/project-03,0,2024-01-15,2024-01-15T02:19:00Z
136,PushEvent,alice-dev,alice-dev/project-03,0,2024-01-15,2024-01-15T03:18:00Z
137,PushEvent,alice-dev,alice-dev/project-03,0,2024-01-15,2024-01-15T02:18:00Z
138,PushEvent,alice-dev,alice-dev/project-03,0,2024-01-15,2024-01-15T19:31:00Z
139,PushEvent,alice-dev,alice-dev/project-03,0,2024-01-15,2024-01-15T06:51:00Z
140,PushEvent,alice-dev,alice-dev/project-03,0,2024-01-15,2024-01-15T08:32:00Z
141,PushEvent,alice-dev,alice-dev/project-03,0,2024-01-15,2024-01-15T07:38:00Z
142,PushEvent,alice-dev,alice-dev/project-03,0,2024-01-15,2024-01-15T17:39:00Z
143,PushEvent,alice-dev,alice-dev/project-03,0,2024-01-15,2024-01-15T00:10:00Z
144,PushEvent,alice-dev,alice-dev/project-03,0,2024-01-15,2024-01-15T17:22:00Z
145,PushEvent,alice-dev,alice-dev/project-03,0,2024-01-15,2024-01-15T09:34:00Z
146,PushEvent,alice-dev,alice-dev/project-03,0,2024-01-15,2024-01-15T06:59:00Z
147,PushEvent,alice-dev,alice-dev/project-03,0,2024-01-15,2024-01-15T15:25:00Z
148,PushEvent,alice-dev,alice-dev/project-03,0,2024-01-15,2024-01-15T15:56:00Z
149,PushEvent,alice-dev,alice-dev/project-03,0,2024-01-15,2024-01-15T19:59:00Z
150,PushEvent,alice-dev,alice-dev/project-03,0,2024-01-15,2024-01-15T16:01:00Z
151,PushEvent,alice-dev,alice-dev/project-03,0,2024-01-15,2024-01-15T00:47:00Z
152,PushEvent,alice-dev,alice-dev/project-03,0,2024-01-15,2024-01-15T11:04:00Z
153,PushEvent,alice-dev,alice-dev/project-03,0,2024-01-15,2024-01-15T04:31:00Z
154,PushEvent,alice-dev,alice-dev/project-03,0,2024-01-15,2024-01-15T22:08:00Z
155,PushEvent,alice-dev,alice-dev/project-03,0,2024-01-15,2024-01-15T08:34:00Z
156,PushEvent,alice-dev,alice-dev/project-03,0,2024-01-15,2024-01-15T18:47:00Z
157,PushEvent,alice-dev,alice-dev/project-03,0,2024-01-15,2024-01-15T15:02:00Z
158,PushEvent,alice-dev,alice-dev/project-03,0,2024-01-15,2024-01-15T19:23:00Z
159,PushEvent,alice-dev,alice-dev/project-03,0,2024-01-15,2024-01-15T21:55:00Z
160,PushEvent,alice-dev,alice-dev/project-03,0,2024-01-15,2024-01-15T00:23:00Z
161,PushEvent,alice-dev,alice-dev/project-03,0,2024-01-15,2024-01-15T19:10:00Z
162,PushEvent,alice-dev,alice-dev/project-03,0,2024-01-15,2024-01-15T16:07:00Z
163,PushEvent,alice-dev,alice-dev/project-03,0,2024-01-15,2024-01-15T03:37:00Z
164,PushEvent,alice-dev,alice-dev/project-03,0,2024-01-15,2024-01-15T07:19:00Z
165,PushEvent,alice-dev,alice-dev/project-03,0,2024-01-15,2024-01-15T02:47:00Z
166,PushEvent,alice-dev,alice-dev/project-03,0,2024-01-15,2024-01-15T02:24:00Z
167,PushEvent,alice-dev,alice-dev/project-03,0,2024-01-15,2024-01-15T17:45:00Z
168,PushEvent,alice-dev,alice-dev/project-03,0,2024-01-15,2024-01-15T17:01:00Z
169,PushEvent,alice-dev,alice-dev/project-03,0,2024-01-15,2024-01-15T21:34:00Z
170,PushEvent,alice-dev,alice-dev/project-03,0,2024-01-15,2024-01-15T15:40:00Z
171,PushEvent,alice-dev,alice-dev/project-03,0,2024-01-15,2024-01-15T03:32:00Z
172,PushEvent,alice-dev,alice-dev/project-03,0,2024-01-15,2024-01-15T03:32:00Z
173,PushEvent,alice-dev,alice-dev/project-03,0,2024-01-15,2024-01-15T13:20:00Z
174,PushEvent,alice-dev,alice-dev/project-03,0,2024-01-15,2024-01-15T15:19:00Z
175,PushEvent,alice-dev,alice-dev/project-03,0,2024-01-15,2024-01-15T23:07:00Z
176,PushEvent,alice-dev,alice-dev/project-03,0,2024-01-15,2024-01-15T06:02:00Z
177,PushEvent,alice-dev,alice-dev/project-03,0,2024-01-15,2024-01-15T16:32:00Z
178,PushEvent,alice-dev,alice-dev/project-03,0,2024-01-15,2024-01-15T15:11:00Z
179,PushEvent,alice-dev,alice-dev/project-03,0,2024-01-15,2024-01-15T18:21:00Z
180,PushEvent,alice-dev,alice-dev/project-03,0,2024-01-15,2024-01-15T22:21:00Z
181,PushEvent,alice-dev,alice-dev/project-03,0,2024-01-15,2024-01-15T13:29:00Z
182,PushEvent,alice-dev,alice-dev/project-03,0,2024-01-15,2024-01-15T05:37:00Z
183,PushEvent,alice-dev,alice-dev/project-03,0,2024-01-15,2024-01-15T12:50:00Z
184,PushEvent,alice-dev,alice-dev/project-03,0,2024-01-15,2024-01-15T21:07:00Z
185,PushEvent,alice-dev,alice-dev/project-03,0,2024-01-15,2024-01-15T01:20:00Z
186,PushEvent,alice-dev,alice-dev/project-03,0,2024-01-15,2024-01-15T00:27:00Z
187,PushEvent,alice-dev,alice-dev/project-03,0,2024-01-15,2024-01-15T14:32:00Z
188,PushEvent,alice-dev,alice-dev/project-03,0,2024-01-15,2024-01-15T04:59:00Z
189,PushEvent,alice-dev,alice-dev/project-03,0,2024-01-15,2024-01-15T15:18:00Z
190,PushEvent,alice-dev,alice-dev/project-03,0,2024-01-15,2024-01-15T03:34:00Z
191,PushEvent,alice-dev,alice-dev/project-03,0,2024-01-15,2024-01-15T16:16:00Z
192,PushEvent,alice-dev,alice-dev/project-03,0,2024-01-15,2024-01-15T11:27:00Z
193,PushEvent,alice-dev,alice-dev/project-03,0,2024-01-15,2024-01-15T13:52:00Z
194,PushEvent,alice-dev,alice-dev/project-03,0,2024-01-15,2024-01-15T05:34:00Z
195,PushEvent,alice-dev,alice-dev/project-03,0,2024-01-15,2024-01-15T08:36:00Z
196,PushEvent,alice-dev,alice-dev/project-03,0,2024-01-15,2024-01-15T23:28:00Z
197,PushEvent,alice-dev,alice-dev/project-03,0,2024-01-15,2024-01-15T16:45:00Z
198,PushEvent,alice-dev,alice-dev/project-03,0,2024-01-15,2024-01-15T20:30:00Z
199,PushEvent,alice-dev,alice-dev/project-03,0,2024-01-15,2024-01-15T02:59:00Z
200,PushEvent,alice-dev,alice-dev/project-03,0,2024-01-15,2024-01-15T00:51:00Z
201,PushEvent,alice-dev,alice-dev/project-03,0,2024-01-15,2024-01-15T20:31:00Z
202,PushEvent,alice-dev,alice-dev/project-03,0,2024-01-15,2024-01-15T22:32:00Z
203,PushEvent,alice-dev,alice-dev/project-03,0,2024-01-15,2024-01-15T02:17:00Z
204,PullRequestEvent,alice-dev,alice-dev/project-03,0,2024-01-15,2024-01-15T09:30:00Z
205,PullRequestEvent,alice-dev,alice-dev/project-03,0,2024-01-15,2024-01-15T21:57:00Z
206,PullRequestEvent,alice-dev,alice-dev/project-03,0,2024-01-15,2024-01-15T02:39:00Z
207,PullRequestEvent,alice-dev,alice-dev/project-03,0,2024-01-15,2024-01-15T13:23:00Z
208,PullRequestEvent,alice-dev,alice-dev/project-03,0,2024-01-15,2024-01-15T17:31:00Z
209,PullRequestEvent,alice-dev,alice-dev/project-03,0,2024-01-15,2024-01-15T14:21:00Z
210,PullRequestEvent,alice-dev,alice-dev/project-03,0,2024-01-15,2024-01-15T22:01:00Z
211,PullRequestEvent,alice-dev,alice-dev/project-03,0,2024-01-15,2024-01-15T09:01:00Z
212,PullRequestEvent,alice-dev,alice-dev/project-03,0,2024-01-15,2024-01-15T16:39:00Z
213,PullRequestEvent,alice-dev,alice-dev/project-03,0,2024-01-15,2024-01-15T00:08:00Z
214,IssuesEvent,alice-dev,alice-dev/project-03,0,2024-01-15,2024-01-15T21:47:00Z
215,IssuesEvent,alice-dev,alice-dev/project-03,0,2024-01-15,2024-01-15T06:28:00Z
216,IssuesEvent,alice-dev,alice-dev/project-03,0,2024-01-15,2024-01-15T09:54:00Z
217,PushEvent,bob-codes,bob-codes/project-01,startup-co,2024-01-15,2024-01-15T17:24:00Z
218,PushEvent,bob-codes,bob-codes/project-01,startup-co,2024-01-15,2024-01-15T23:12:00Z
219,PushEvent,bob-codes,bob-codes/project-01,startup-co,2024-01-15,2024-01-15T06:56:00Z
220,PushEvent,bob-codes,bob-codes/project-01,startup-co,2024-01-15,2024-01-15T03:44:00Z
221,PushEvent,bob-codes,bob-codes/project-01,startup-co,2024-01-15,2024-01-15T19:00:00Z
222,PushEvent,bob-codes,bob-codes/project-01,startup-co,2024-01-15,2024-01-15T07:45:00Z
223,PushEvent,bob-codes,bob-codes/project-01,startup-co,2024-01-15,2024-01-15T15:13:00Z
224,PushEvent,bob-codes,bob-codes/project-01,startup-co,2024-01-15,2024-01-15T11:50:00Z
225,PushEvent,bob-codes,bob-codes/project-01,startup-co,2024-01-15,2024-01-15T22:14:00Z
226,PushEvent,bob-codes,bob-codes/project-01,startup-co,2024-01-15,2024-01-15T01:01:00Z
227,PushEvent,bob-codes,bob-codes/project-01,startup-co,2024-01-15,2024-01-15T22:21:00Z
228,PushEvent,bob-codes,bob-codes/project-01,startup-co,2024-01-15,2024-01-15T18:24:00Z
229,PushEvent,bob-codes,bob-codes/project-01,startup-co,2024-01-15,2024-01-15T21:57:00Z
230,PushEvent,bob-codes,bob-codes/project-01,startup-co,2024-01-15,2024-01-15T21:48:00Z
231,PushEvent,bob-codes,bob-codes/project-01,startup-co,2024-01-15,2024-01-15T19:41:00Z
232,PushEvent,bob-codes,bob-codes/project-01,startup-co,2024-01-15,2024-01-15T05:14:00Z
233,PushEvent,bob-codes,bob-codes/project-01,startup-co,2024-01-15,2024-01-15T21:42:00Z
234,PushEvent,bob-codes,bob-codes/project-01,startup-co,2024-01-15,2024-01-15T04:32:00Z
235,PushEvent,bob-codes,bob-codes/project-01,startup-co,2024-01-15,2024-01-15T07:52:00Z
236,PushEvent,bob-codes,bob-codes/project-01,startup-co,2024-01-15,2024-01-15T11:43:00Z
237,PushEvent,bob-codes,bob-codes/project-01,startup-co,2024-01-15,2024-01-15T04:38:00Z
238,PushEvent,bob-codes,bob-codes/project-01,startup-co,2024-01-15,2024-01-15T03:05:00Z
239,PushEvent,bob-codes,bob-codes/project-01,startup-co,2024-01-15,2024-01-15T12:31:00Z
240,PushEvent,bob-codes,bob-codes/project-01,startup-co,2024-01-15,2024-01-15T19:29:00Z
241,PushEvent,bob-codes,bob-codes/project-01,startup-co,2024-01-15,2024-01-15T14:34:00Z
242,PushEvent,bob-codes,bob-codes/project-01,startup-co,2024-01-15,2024-01-15T22:39:00Z
243,PushEvent,bob-codes,bob-codes/project-01,startup-co,2024-01-15,2024-01-15T19:15:00Z
244,PushEvent,bob-codes,bob-codes/project-01,startup-co,2024-01-15,2024-01-15T12:49:00Z
245,PushEvent,bob-codes,bob-codes/project-01,startup-co,2024-01-15,2024-01-15T09:29:00Z
246,PushEvent,bob-codes,bob-codes/project-01,startup-co,2024-01-15,2024-01-15T18:16:00Z
247,PushEvent,bob-codes,bob-codes/project-01,startup-co,2024-01-15,2024-01-15T23:18:00Z
248,PushEvent,bob-codes,bob-codes/project-01,startup-co,2024-01-15,2024-01-15T22:25:00Z
249,PushEvent,bob-codes,bob-codes/project-01,startup-co,2024-01-15,2024-01-15T04:25:00Z
250,PushEvent,bob-codes,bob-codes/project-01,startup-co,2024-01-15,2024-01-15T20:22:00Z
251,PushEvent,bob-codes,bob-codes/project-01,startup-co,2024-01-15,2024-01-15T08:11:00Z
252,PushEvent,bob-codes,bob-codes/project-01,startup-co,2024-01-15,2024-01-15T20:00:00Z
253,PushEvent,bob-codes,bob-codes/project-01,startup-co,2024-01-15,2024-01-15T00:46:00Z
254,PushEvent,bob-codes,bob-codes/project-01,startup-co,2024-01-15,2024-01-15T01:31:00Z
255,PushEvent,bob-codes,bob-codes/project-01,startup-co,2024-01-15,2024-01-15T21:47:00Z
256,PushEvent,bob-codes,bob-codes/project-01,startup-co,2024-01-15,2024-01-15T07:44:00Z
257,PushEvent,bob-codes,bob-codes/project-01,startup-co,2024-01-15,2024-01-15T20:00:00Z
258,PushEvent,bob-codes,bob-codes/project-01,startup-co,2024-01-15,2024-01-15T15:38:00Z
259,PushEvent,bob-codes,bob-codes/project-01,startup-co,2024-01-15,2024-01-15T04:21:00Z
260,PushEvent,bob-codes,bob-codes/project-01,startup-co,2024-01-15,2024-01-15T22:02:00Z
261,PushEvent,bob-codes,bob-codes/project-01,startup-co,2024-01-15,2024-01-15T11:25:00Z
262,PushEvent,bob-codes,bob-codes/project-01,startup-co,2024-01-15,2024-01-15T15:50:00Z
263,PushEvent,bob-codes,bob-codes/project-01,startup-co,2024-01-15,2024-01-15T04:21:00Z
264,PushEvent,bob-codes,bob-codes/project-01,startup-co,2024-01-15,2024-01-15T13:27:00Z
265,PushEvent,bob-codes,bob-codes/project-01,startup-co,2024-01-15,2024-01-15T04:46:00Z
266,PushEvent,bob-codes,bob-codes/project-01,startup-co,2024-01-15,2024-01-15T16:29:00Z
267,PushEvent,bob-codes,bob-codes/project-01,startup-co,2024-01-15,2024-01-15T13:51:00Z
268,PushEvent,bob-codes,bob-codes/project-01,startup-co,2024-01-15,2024-01-15T04:11:00Z
269,PushEvent,bob-codes,bob-codes/project-01,startup-co,2024-01-15,2024-01-15T15:25:00Z
270,PushEvent,bob-codes,bob-codes/project-01,startup-co,2024-01-15,2024-01-15T15:20:00Z
271,PushEvent,bob-codes,bob-codes/project-01,startup-co,2024-01-15,2024-01-15T06:35:00Z
272,PushEvent,bob-codes,bob-codes/project-01,startup-co,2024-01-15,2024-01-15T00:29:00Z
273,PushEvent,bob-codes,bob-codes/project-01,startup-co,2024-01-15,2024-01-15T04:22:00Z
274,PushEvent,bob-codes,bob-codes/project-01,startup-co,2024-01-15,2024-01-15T09:53:00Z
275,PushEvent,bob-codes,bob-codes/project-01,startup-co,2024-01-15,2024-01-15T04:35:00Z
276,PushEvent,bob-codes,bob-codes/project-01,startup-co,2024-01-15,2024-01-15T01:51:00Z
277,PushEvent,bob-codes,bob-codes/project-01,startup-co,2024-01-15,2024-01-15T09:57:00Z
278,PushEvent,bob-codes,bob-codes/project-01,startup-co,2024-01-15,2024-01-15T18:57:00Z
279,PushEvent,bob-codes,bob-codes/project-01,startup-co,2024-01-15,2024-01-15T00:55:00Z
280,PushEvent,bob-codes,bob-codes/project-01,startup-co,2024-01-15,2024-01-15T04:44:00Z
281,PullRequestEvent,bob-codes,bob-codes/project-01,startup-co,2024-01-15,2024-01-15T15:23:00Z
282,PullRequestEvent,bob-codes,bob-codes/project-01,startup-co,2024-01-15,2024-01-15T15:54:00Z
283,PullRequestEvent,bob-codes,bob-codes/project-01,startup-co,2024-01-15,2024-01-15T01:48:00Z
284,PullRequestEvent,bob-codes,bob-codes/project-01,startup-co,2024-01-15,2024-01-15T19:23:00Z
285,PullRequestEvent,bob-codes,bob-codes/project-01,startup-co,2024-01-15,2024-01-15T11:49:00Z
286,IssuesEvent,bob-codes,bob-codes/project-01,startup-co,2024-01-15,2024-01-15T00:32:00Z
287,IssuesEvent,bob-codes,bob-codes/project-01,startup-co,2024-01-15,2024-01-15T18:42:00Z
288,IssuesEvent,bob-codes,bob-codes/project-01,startup-co,2024-01-15,2024-01-15T04:11:00Z
289,PushEvent,bob-codes,bob-codes/project-02,startup-co,2024-01-15,2024-01-15T00:32:00Z
290,PushEvent,bob-codes,bob-codes/project-02,startup-co,2024-01-15,2024-01-15T07:09:00Z
291,PushEvent,bob-codes,bob-codes/project-02,startup-co,2024-01-15,2024-01-15T10:43:00Z
292,PushEvent,bob-codes,bob-codes/project-02,startup-co,2024-01-15,2024-01-15T12:11:00Z
293,PushEvent,bob-codes,bob-codes/project-02,startup-co,2024-01-15,2024-01-15T13:01:00Z
294,PushEvent,bob-codes,bob-codes/project-02,startup-co,2024-01-15,2024-01-15T18:49:00Z
295,PushEvent,bob-codes,bob-codes/project-02,startup-co,2024-01-15,2024-01-15T02:22:00Z
296,PushEvent,bob-codes,bob-codes/project-02,startup-co,2024-01-15,2024-01-15T16:25:00Z
297,PushEvent,bob-codes,bob-codes/project-02,startup-co,2024-01-15,2024-01-15T07:28:00Z
298,PushEvent,bob-codes,bob-codes/project-02,startup-co,2024-01-15,2024-01-15T09:25:00Z
299,PushEvent,bob-codes,bob-codes/project-02,startup-co,2024-01-15,2024-01-15T01:50:00Z
300,PushEvent,bob-codes,bob-codes/project-02,startup-co,2024-01-15,2024-01-15T08:06:00Z
301,PushEvent,bob-codes,bob-codes/project-02,startup-co,2024-01-15,2024-01-15T03:57:00Z
302,PushEvent,bob-codes,bob-codes/project-02,startup-co,2024-01-15,2024-01-15T20:49:00Z
303,PushEvent,bob-codes,bob-codes/project-02,startup-co,2024-01-15,2024-01-15T12:10:00Z
304,PushEvent,bob-codes,bob-codes/project-02,startup-co,2024-01-15,2024-01-15T23:35:00Z
305,PushEvent,bob-codes,bob-codes/project-02,startup-co,2024-01-15,2024-01-15T20:56:00Z
306,PushEvent,bob-codes,bob-codes/project-02,startup-co,2024-01-15,2024-01-15T03:09:00Z
307,PushEvent,bob-codes,bob-codes/project-02,startup-co,2024-01-15,2024-01-15T04:08:00Z
308,PushEvent,bob-codes,bob-codes/project-02,startup-co,2024-01-15,2024-01-15T23:34:00Z
309,PushEvent,bob-codes,bob-codes/project-02,startup-co,2024-01-15,2024-01-15T16:34:00Z
310,PushEvent,bob-codes,bob-codes/project-02,startup-co,2024-01-15,2024-01-15T15:35:00Z
311,PushEvent,bob-codes,bob-codes/project-02,startup-co,2024-01-15,2024-01-15T17:48:00Z
312,PushEvent,bob-codes,bob-codes/project-02,startup-co,2024-01-15,2024-01-15T06:31:00Z
313,PushEvent,bob-codes,bob-codes/project-02,startup-co,2024-01-15,2024-01-15T23:22:00Z
314,PushEvent,bob-codes,bob-codes/project-02,startup-co,2024-01-15,2024-01-15T04:11:00Z
315,PushEvent,bob-codes,bob-codes/project-02,startup-co,2024-01-15,2024-01-15T16:54:00Z
316,PushEvent,bob-codes,bob-codes/project-02,startup-co,2024-01-15,2024-01-15T12:22:00Z
317,PushEvent,bob-codes,bob-codes/project-02,startup-co,2024-01-15,2024-01-15T02:40:00Z
318,PushEvent,bob-codes,bob-codes/project-02,startup-co,2024-01-15,2024-01-15T16:48:00Z
319,PushEvent,bob-codes,bob-codes/project-02,startup-co,2024-01-15,2024-01-15T19:47:00Z
320,PushEvent,bob-codes,bob-codes/project-02,startup-co,2024-01-15,2024-01-15T21:12:00Z
321,PullRequestEvent,bob-codes,bob-codes/project-02,startup-co,2024-01-15,2024-01-15T16:35:00Z
322,PullRequestEvent,bob-codes,bob-codes/project-02,startup-co,2024-01-15,2024-01-15T11:40:00Z
323,PullRequestEvent,bob-codes,bob-codes/project-02,startup-co,2024-01-15,2024-01-15T18:11:00Z
324,PullRequestEvent,bob-codes,bob-codes/project-02,startup-co,2024-01-15,2024-01-15T08:06:00Z
325,IssuesEvent,bob-codes,bob-codes/project-02,startup-co,2024-01-15,2024-01-15T13:30:00Z
326,IssuesEvent,bob-codes,bob-codes/project-02,startup-co,2024-01-15,2024-01-15T19:18:00Z
327,IssuesEvent,bob-codes,bob-codes/project-02,startup-co,2024-01-15,2024-01-15T14:15:00Z
328,IssuesEvent,bob-codes,bob-codes/project-02,startup-co,2024-01-15,2024-01-15T20:04:00Z
329,PushEvent,bob-codes,bob-codes/project-03,startup-co,2024-01-15,2024-01-15T11:24:00Z
330,PushEvent,bob-codes,bob-codes/project-03,startup-co,2024-01-15,2024-01-15T19:58:00Z
331,PushEvent,bob-codes,bob-codes/project-03,startup-co,2024-01-15,2024-01-15T20:35:00Z
332,PushEvent,bob-codes,bob-codes/project-03,startup-co,2024-01-15,2024-01-15T20:22:00Z
333,PushEvent,bob-codes,bob-codes/project-03,startup-co,2024-01-15,2024-01-15T15:56:00Z
334,PushEvent,bob-codes,bob-codes/project-03,startup-co,2024-01-15,2024-01-15T06:44:00Z
335,PushEvent,bob-codes,bob-codes/project-03,startup-co,2024-01-15,2024-01-15T20:41:00Z
336,PushEvent,bob-codes,bob-codes/project-03,startup-co,2024-01-15,2024-01-15T06:13:00Z
337,PushEvent,bob-codes,bob-codes/project-03,startup-co,2024-01-15,2024-01-15T04:34:00Z
338,PushEvent,bob-codes,bob-codes/project-03,startup-co,2024-01-15,2024-01-15T22:28:00Z
339,PushEvent,bob-codes,bob-codes/project-03,startup-co,2024-01-15,2024-01-15T10:10:00Z
340,PushEvent,bob-codes,bob-codes/project-03,startup-co,2024-01-15,2024-01-15T17:46:00Z
341,PushEvent,bob-codes,bob-codes/project-03,startup-co,2024-01-15,2024-01-15T11:08:00Z
342,PushEvent,bob-codes,bob-codes/project-03,startup-co,2024-01-15,2024-01-15T09:57:00Z
343,PushEvent,bob-codes,bob-codes/project-03,startup-co,2024-01-15,2024-01-15T11:16:00Z
344,PushEvent,bob-codes,bob-codes/project-03,startup-co,2024-01-15,2024-01-15T05:06:00Z
345,PushEvent,bob-codes,bob-codes/project-03,startup-co,2024-01-15,2024-01-15T13:12:00Z
346,PushEvent,bob-codes,bob-codes/project-03,startup-co,2024-01-15,2024-01-15T07:41:00Z
347,PushEvent,bob-codes,bob-codes/project-03,startup-co,2024-01-15,2024-01-15T08:49:00Z
348,PushEvent,bob-codes,bob-codes/project-03,startup-co,2024-01-15,2024-01-15T01:04:00Z
349,PushEvent,bob-codes,bob-codes/project-03,startup-co,2024-01-15,2024-01-15T04:37:00Z
350,PushEvent,bob-codes,bob-codes/project-03,startup-co,2024-01-15,2024-01-15T18:07:00Z
351,PushEvent,bob-codes,bob-codes/project-03,startup-co,2024-01-15,2024-01-15T15:44:00Z
352,PushEvent,bob-codes,bob-codes/project-03,startup-co,2024-01-15,2024-01-15T00:21:00Z
353,PushEvent,bob-codes,bob-codes/project-03,startup-co,2024-01-15,2024-01-15T19:16:00Z
354,PushEvent,bob-codes,bob-codes/project-03,startup-co,2024-01-15,2024-01-15T06:24:00Z
355,PushEvent,bob-codes,bob-codes/project-03,startup-co,2024-01-15,2024-01-15T12:03:00Z
356,PushEvent,bob-codes,bob-codes/project-03,startup-co,2024-01-15,2024-01-15T03:05:00Z
357,PushEvent,bob-codes,bob-codes/project-03,startup-co,2024-01-15,2024-01-15T18:43:00Z
358,PushEvent,bob-codes,bob-codes/project-03,startup-co,2024-01-15,2024-01-15T21:38:00Z
359,PushEvent,bob-codes,bob-codes/project-03,startup-co,2024-01-15,2024-01-15T09:25:00Z
360,PushEvent,bob-codes,bob-codes/project-03,startup-co,2024-01-15,2024-01-15T18:38:00Z
361,PushEvent,bob-codes,bob-codes/project-03,startup-co,2024-01-15,2024-01-15T02:44:00Z
362,PushEvent,bob-codes,bob-codes/project-03,startup-co,2024-01-15,2024-01-15T12:49:00Z
363,PushEvent,bob-codes,bob-codes/project-03,startup-co,2024-01-15,2024-01-15T19:27:00Z
364,PushEvent,bob-codes,bob-codes/project-03,startup-co,2024-01-15,2024-01-15T07:40:00Z
365,PushEvent,bob-codes,bob-codes/project-03,startup-co,2024-01-15,2024-01-15T06:00:00Z
366,PushEvent,bob-codes,bob-codes/project-03,startup-co,2024-01-15,2024-01-15T02:12:00Z
367,PushEvent,bob-codes,bob-codes/project-03,startup-co,2024-01-15,2024-01-15T16:24:00Z
368,PushEvent,bob-codes,bob-codes/project-03,startup-co,2024-01-15,2024-01-15T23:32:00Z
369,PushEvent,bob-codes,bob-codes/project-03,startup-co,2024-01-15,2024-01-15T05:52:00Z
370,PushEvent,bob-codes,bob-codes/project-03,startup-co,2024-01-15,2024-01-15T05:57:00Z
371,PushEvent,bob-codes,bob-codes/project-03,startup-co,2024-01-15,2024-01-15T11:44:00Z
372,PushEvent,bob-codes,bob-codes/project-03,startup-co,2024-01-15,2024-01-15T12:46:00Z
373,PushEvent,bob-codes,bob-codes/project-03,startup-co,2024-01-15,2024-01-15T20:15:00Z
374,PushEvent,bob-codes,bob-codes/project-03,startup-co,2024-01-15,2024-01-15T21:20:00Z
375,PushEvent,bob-codes,bob-codes/project-03,startup-co,2024-01-15,2024-01-15T10:59:00Z
376,PushEvent,bob-codes,bob-codes/project-03,startup-co,2024-01-15,2024-01-15T04:35:00Z
377,PushEvent,bob-codes,bob-codes/project-03,startup-co,2024-01-15,2024-01-15T02:18:00Z
378,PushEvent,bob-codes,bob-codes/project-03,startup-co,2024-01-15,2024-01-15T19:56:00Z
379,PushEvent,bob-codes,bob-codes/project-03,startup-co,2024-01-15,2024-01-15T17:46:00Z
380,PushEvent,bob-codes,bob-codes/project-03,startup-co,2024-01-15,2024-01-15T08:48:00Z
381,PushEvent,bob-codes,bob-codes/project-03,startup-co,2024-01-15,2024-01-15T13:14:00Z
382,PushEvent,bob-codes,bob-codes/project-03,startup-co,2024-01-15,2024-01-15T00:52:00Z
383,PushEvent,bob-codes,bob-codes/project-03,startup-co,2024-01-15,2024-01-15T21:53:00Z
384,PushEvent,bob-codes,bob-codes/project-03,startup-co,2024-01-15,2024-01-15T02:15:00Z
385,PushEvent,bob-codes,bob-codes/project-03,startup-co,2024-01-15,2024-01-15T22:56:00Z
386,PushEvent,bob-codes,bob-codes/project-03,startup-co,2024-01-15,2024-01-15T10:11:00Z
387,PushEvent,bob-codes,bob-codes/project-03,startup-co,2024-01-15,2024-01-15T09:31:00Z
388,PushEvent,bob-codes,bob-codes/project-03,startup-co,2024-01-15,2024-01-15T15:07:00Z
389,PushEvent,bob-codes,bob-codes/project-03,startup-co,2024-01-15,2024-01-15T05:11:00Z
390,PushEvent,bob-codes,bob-codes/project-03,startup-co,2024-01-15,2024-01-15T23:27:00Z
391,PushEvent,bob-codes,bob-codes/project-03,startup-co,2024-01-15,2024-01-15T20:07:00Z
392,PushEvent,bob-codes,bob-codes/project-03,startup-co,2024-01-15,2024-01-15T03:25:00Z
393,PullRequestEvent,bob-codes,bob-codes/project-03,startup-co,2024-01-15,2024-01-15T17:27:00Z
394,PullRequestEvent,bob-codes,bob-codes/project-03,startup-co,2024-01-15,2024-01-15T04:40:00Z
395,PullRequestEvent,bob-codes,bob-codes/project-03,startup-co,2024-01-15,2024-01-15T03:26:00Z
396,PullRequestEvent,bob-codes,bob-codes/project-03,startup-co,2024-01-15,2024-01-15T21:16:00Z
397,PullRequestEvent,bob-codes,bob-codes/project-03,startup-co,2024-01-15,2024-01-15T08:32:00Z
398,PullRequestEvent,bob-codes,bob-codes/project-03,startup-co,2024-01-15,2024-01-15T20:19:00Z
399,PullRequestEvent,bob-codes,bob-codes/project-03,startup-co,2024-01-15,2024-01-15T12:27:00Z
400,PullRequestEvent,bob-codes,bob-codes/project-03,startup-co,2024-01-15,2024-01-15T15:28:00Z
401,PullRequestEvent,bob-codes,bob-codes/project-03,startup-co,2024-01-15,2024-01-15T12:45:00Z
402,IssuesEvent,bob-codes,bob-codes/project-03,startup-co,2024-01-15,2024-01-15T05:17:00Z
403,IssuesEvent,bob-codes,bob-codes/project-03,startup-co,2024-01-15,2024-01-15T18:04:00Z
404,IssuesEvent,bob-codes,bob-codes/project-03,startup-co,2024-01-15,2024-01-15T14:24:00Z
405,PushEvent,carol-eng,carol-eng/project-01,startup-co,2024-01-15,2024-01-15T23:29:00Z
406,PushEvent,carol-eng,carol-eng/project-01,startup-co,2024-01-15,2024-01-15T17:58:00Z
407,PushEvent,carol-eng,carol-eng/project-01,startup-co,2024-01-15,2024-01-15T12:04:00Z
408,PushEvent,carol-eng,carol-eng/project-01,startup-co,2024-01-15,2024-01-15T22:55:00Z
409,PushEvent,carol-eng,carol-eng/project-01,startup-co,2024-01-15,2024-01-15T00:53:00Z
410,PushEvent,carol-eng,carol-eng/project-01,startup-co,2024-01-15,2024-01-15T00:17:00Z
411,PushEvent,carol-eng,carol-eng/project-01,startup-co,2024-01-15,2024-01-15T14:48:00Z
412,PushEvent,carol-eng,carol-eng/project-01,startup-co,2024-01-15,2024-01-15T10:20:00Z
413,PushEvent,carol-eng,carol-eng/project-01,startup-co,2024-01-15,2024-01-15T21:58:00Z
414,PushEvent,carol-eng,carol-eng/project-01,startup-co,2024-01-15,2024-01-15T16:12:00Z
415,PushEvent,carol-eng,carol-eng/project-01,startup-co,2024-01-15,2024-01-15T00:33:00Z
416,PushEvent,carol-eng,carol-eng/project-01,startup-co,2024-01-15,2024-01-15T08:34:00Z
417,PushEvent,carol-eng,carol-eng/project-01,startup-co,2024-01-15,2024-01-15T00:20:00Z
418,PushEvent,carol-eng,carol-eng/project-01,startup-co,2024-01-15,2024-01-15T15:54:00Z
419,PushEvent,carol-eng,carol-eng/project-01,startup-co,2024-01-15,2024-01-15T05:27:00Z
420,PushEvent,carol-eng,carol-eng/project-01,startup-co,2024-01-15,2024-01-15T16:04:00Z
421,PushEvent,carol-eng,carol-eng/project-01,startup-co,2024-01-15,2024-01-15T04:37:00Z
422,PushEvent,carol-eng,carol-eng/project-01,startup-co,2024-01-15,2024-01-15T02:52:00Z
423,PushEvent,carol-eng,carol-eng/project-01,startup-co,2024-01-15,2024-01-15T22:36:00Z
424,PushEvent,carol-eng,carol-eng/project-01,startup-co,2024-01-15,2024-01-15T20:36:00Z
425,PushEvent,carol-eng,carol-eng/project-01,startup-co,2024-01-15,2024-01-15T09:09:00Z
426,PushEvent,carol-eng,carol-eng/project-01,startup-co,2024-01-15,2024-01-15T18:16:00Z
427,PushEvent,carol-eng,carol-eng/project-01,startup-co,2024-01-15,2024-01-15T20:13:00Z
428,PushEvent,carol-eng,carol-eng/project-01,startup-co,2024-01-15,2024-01-15T08:45:00Z
429,PushEvent,carol-eng,carol-eng/project-01,startup-co,2024-01-15,2024-01-15T00:50:00Z
430,PushEvent,carol-eng,carol-eng/project-01,startup-co,2024-01-15,2024-01-15T12:12:00Z
431,PushEvent,carol-eng,carol-eng/project-01,startup-co,2024-01-15,2024-01-15T03:00:00Z
432,PushEvent,carol-eng,carol-eng/project-01,startup-co,2024-01-15,2024-01-15T16:39:00Z
433,PushEvent,carol-eng,carol-eng/project-01,startup-co,2024-01-15,2024-01-15T01:27:00Z
434,PushEvent,carol-eng,carol-eng/project-01,startup-co,2024-01-15,2024-01-15T07:38:00Z
435,PushEvent,carol-eng,carol-eng/project-01,startup-co,2024-01-15,2024-01-15T01:53:00Z
436,PushEvent,carol-eng,carol-eng/project-01,startup-co,2024-01-15,2024-01-15T21:02:00Z
437,PushEvent,carol-eng,carol-eng/project-01,startup-co,2024-01-15,2024-01-15T17:11:00Z
438,PushEvent,carol-eng,carol-eng/project-01,startup-co,2024-01-15,2024-01-15T00:53:00Z
439,PushEvent,carol-eng,carol-eng/project-01,startup-co,2024-01-15,2024-01-15T11:04:00Z
440,PushEvent,carol-eng,carol-eng/project-01,startup-co,2024-01-15,2024-01-15T16:47:00Z
441,PushEvent,carol-eng,carol-eng/project-01,startup-co,2024-01-15,2024-01-15T14:22:00Z
442,PushEvent,carol-eng,carol-eng/project-01,startup-co,2024-01-15,2024-01-15T14:36:00Z
443,PushEvent,carol-eng,carol-eng/project-01,startup-co,2024-01-15,2024-01-15T20:13:00Z
444,PullRequestEvent,carol-eng,carol-eng/project-01,startup-co,2024-01-15,2024-01-15T10:50:00Z
445,PullRequestEvent,carol-eng,carol-eng/project-01,startup-co,2024-01-15,2024-01-15T06:37:00Z
446,PullRequestEvent,carol-eng,carol-eng/project-01,startup-co,2024-01-15,2024-01-15T01:37:00Z
447,IssuesEvent,carol-eng,carol-eng/project-01,startup-co,2024-01-15,2024-01-15T01:17:00Z
448,IssuesEvent,carol-eng,carol-eng/project-01,startup-co,2024-01-15,2024-01-15T14:26:00Z
449,PushEvent,carol-eng,carol-eng/project-02,startup-co,2024-01-15,2024-01-15T01:51:00Z
450,PushEvent,carol-eng,carol-eng/project-02,startup-co,2024-01-15,2024-01-15T05:32:00Z
451,PushEvent,carol-eng,carol-eng/project-02,startup-co,2024-01-15,2024-01-15T23:14:00Z
452,PushEvent,carol-eng,carol-eng/project-02,startup-co,2024-01-15,2024-01-15T22:41:00Z
453,PushEvent,carol-eng,carol-eng/project-02,startup-co,2024-01-15,2024-01-15T18:16:00Z
454,PushEvent,carol-eng,carol-eng/project-02,startup-co,2024-01-15,2024-01-15T04:28:00Z
455,PushEvent,carol-eng,carol-eng/project-02,startup-co,2024-01-15,2024-01-15T03:09:00Z
456,PushEvent,carol-eng,carol-eng/project-02,startup-co,2024-01-15,2024-01-15T23:16:00Z
457,PushEvent,carol-eng,carol-eng/project-02,startup-co,2024-01-15,2024-01-15T09:16:00Z
458,PushEvent,carol-eng,carol-eng/project-02,startup-co,2024-01-15,2024-01-15T19:23:00Z
459,PushEvent,carol-eng,carol-eng/project-02,startup-co,2024-01-15,2024-01-15T04:33:00Z
460,PushEvent,carol-eng,carol-eng/project-02,startup-co,2024-01-15,2024-01-15T05:52:00Z
461,PushEvent,carol-eng,carol-eng/project-02,startup-co,2024-01-15,2024-01-15T01:12:00Z
462,PushEvent,carol-eng,carol-eng/project-02,startup-co,2024-01-15,2024-01-15T10:42:00Z
463,PushEvent,carol-eng,carol-eng/project-02,startup-co,2024-01-15,2024-01-15T15:10:00Z
464,PushEvent,carol-eng,carol-eng/project-02,startup-co,2024-01-15,2024-01-15T18:46:00Z
465,PushEvent,carol-eng,carol-eng/project-02,startup-co,2024-01-15,2024-01-15T22:54:00Z
466,PushEvent,carol-eng,carol-eng/project-02,startup-co,2024-01-15,2024-01-15T15:30:00Z
467,PushEvent,carol-eng,carol-eng/project-02,startup-co,2024-01-15,2024-01-15T10:53:00Z
468,PushEvent,carol-eng,carol-eng/project-02,startup-co,2024-01-15,2024-01-15T15:07:00Z
469,PushEvent,carol-eng,carol-eng/project-02,startup-co,2024-01-15,2024-01-15T03:39:00Z
470,PushEvent,carol-eng,carol-eng/project-02,startup-co,2024-01-15,2024-01-15T03:55:00Z
471,PushEvent,carol-eng,carol-eng/project-02,startup-co,2024-01-15,2024-01-15T02:31:00Z
472,PushEvent,carol-eng,carol-eng/project-02,startup-co,2024-01-15,2024-01-15T02:26:00Z
473,PushEvent,carol-eng,carol-eng/project-02,startup-co,2024-01-15,2024-01-15T17:57:00Z
474,PushEvent,carol-eng,carol-eng/project-02,startup-co,2024-01-15,2024-01-15T18:18:00Z
475,PushEvent,carol-eng,carol-eng/project-02,startup-co,2024-01-15,2024-01-15T20:04:00Z
476,PushEvent,carol-eng,carol-eng/project-02,startup-co,2024-01-15,2024-01-15T17:27:00Z
477,PushEvent,carol-eng,carol-eng/project-02,startup-co,2024-01-15,2024-01-15T09:21:00Z
478,PushEvent,carol-eng,carol-eng/project-02,startup-co,2024-01-15,2024-01-15T20:05:00Z
479,PushEvent,carol-eng,carol-eng/project-02,startup-co,2024-01-15,2024-01-15T00:04:00Z
480,PushEvent,carol-eng,carol-eng/project-02,startup-co,2024-01-15,2024-01-15T08:11:00Z
481,PushEvent,carol-eng,carol-eng/project-02,startup-co,2024-01-15,2024-01-15T13:33:00Z
482,PushEvent,carol-eng,carol-eng/project-02,startup-co,2024-01-15,2024-01-15T16:13:00Z
483,PushEvent,carol-eng,carol-eng/project-02,startup-co,2024-01-15,2024-01-15T12:26:00Z
484,PushEvent,carol-eng,carol-eng/project-02,startup-co,2024-01-15,2024-01-15T08:25:00Z
485,PushEvent,carol-eng,carol-eng/project-02,startup-co,2024-01-15,2024-01-15T14:56:00Z
486,PushEvent,carol-eng,carol-eng/project-02,startup-co,2024-01-15,2024-01-15T21:46:00Z
487,PushEvent,carol-eng,carol-eng/project-02,startup-co,2024-01-15,2024-01-15T23:29:00Z
488,PushEvent,carol-eng,carol-eng/project-02,startup-co,2024-01-15,2024-01-15T10:47:00Z
489,PushEvent,carol-eng,carol-eng/project-02,startup-co,2024-01-15,2024-01-15T16:25:00Z
490,PushEvent,carol-eng,carol-eng/project-02,startup-co,2024-01-15,2024-01-15T03:00:00Z
491,PushEvent,carol-eng,carol-eng/project-02,startup-co,2024-01-15,2024-01-15T07:48:00Z
492,PushEvent,carol-eng,carol-eng/project-02,startup-co,2024-01-15,2024-01-15T02:51:00Z
493,PushEvent,carol-eng,carol-eng/project-02,startup-co,2024-01-15,2024-01-15T14:46:00Z
494,PushEvent,carol-eng,carol-eng/project-02,startup-co,2024-01-15,2024-01-15T23:21:00Z
495,PushEvent,carol-eng,carol-eng/project-02,startup-co,2024-01-15,2024-01-15T13:25:00Z
496,PushEvent,carol-eng,carol-eng/project-02,startup-co,2024-01-15,2024-01-15T22:13:00Z
497,PushEvent,carol-eng,carol-eng/project-02,startup-co,2024-01-15,2024-01-15T23:01:00Z
498,PushEvent,carol-eng,carol-eng/project-02,startup-co,2024-01-15,2024-01-15T12:25:00Z
499,PushEvent,carol-eng,carol-eng/project-02,startup-co,2024-01-15,2024-01-15T13:58:00Z
500,PushEvent,carol-eng,carol-eng/project-02,startup-co,2024-01-15,2024-01-15T23:50:00Z
501,PushEvent,carol-eng,carol-eng/project-02,startup-co,2024-01-15,2024-01-15T06:02:00Z
502,PushEvent,carol-eng,carol-eng/project-02,startup-co,2024-01-15,2024-01-15T14:22:00Z
503,PushEvent,carol-eng,carol-eng/project-02,startup-co,2024-01-15,2024-01-15T13:42:00Z
504,PushEvent,carol-eng,carol-eng/project-02,startup-co,2024-01-15,2024-01-15T14:59:00Z
505,PushEvent,carol-eng,carol-eng/project-02,startup-co,2024-01-15,2024-01-15T12:17:00Z
506,PushEvent,carol-eng,carol-eng/project-02,startup-co,2024-01-15,2024-01-15T05:34:00Z
507,PushEvent,carol-eng,carol-eng/project-02,startup-co,2024-01-15,2024-01-15T18:14:00Z
508,PushEvent,carol-eng,carol-eng/project-02,startup-co,2024-01-15,2024-01-15T22:36:00Z
509,PushEvent,carol-eng,carol-eng/project-02,startup-co,2024-01-15,2024-01-15T09:38:00Z
510,PushEvent,carol-eng,carol-eng/project-02,startup-co,2024-01-15,2024-01-15T16:38:00Z
511,PushEvent,carol-eng,carol-eng/project-02,startup-co,2024-01-15,2024-01-15T21:25:00Z
512,PushEvent,carol-eng,carol-eng/project-02,startup-co,2024-01-15,2024-01-15T11:24:00Z
513,PushEvent,carol-eng,carol-eng/project-02,startup-co,2024-01-15,2024-01-15T16:12:00Z
514,PushEvent,carol-eng,carol-eng/project-02,startup-co,2024-01-15,2024-01-15T19:24:00Z
515,PushEvent,carol-eng,carol-eng/project-02,startup-co,2024-01-15,2024-01-15T03:09:00Z
516,PushEvent,carol-eng,carol-eng/project-02,startup-co,2024-01-15,2024-01-15T02:40:00Z
517,PushEvent,carol-eng,carol-eng/project-02,startup-co,2024-01-15,2024-01-15T12:17:00Z
518,PushEvent,carol-eng,carol-eng/project-02,startup-co,2024-01-15,2024-01-15T14:35:00Z
519,PushEvent,carol-eng,carol-eng/project-02,startup-co,2024-01-15,2024-01-15T14:21:00Z
520,PushEvent,carol-eng,carol-eng/project-02,startup-co,2024-01-15,2024-01-15T01:46:00Z
521,PushEvent,carol-eng,carol-eng/project-02,startup-co,2024-01-15,2024-01-15T07:39:00Z
522,PushEvent,carol-eng,carol-eng/project-02,startup-co,2024-01-15,2024-01-15T16:43:00Z
523,PushEvent,carol-eng,carol-eng/project-02,startup-co,2024-01-15,2024-01-15T18:41:00Z
524,PushEvent,carol-eng,carol-eng/project-02,startup-co,2024-01-15,2024-01-15T08:36:00Z
525,PushEvent,carol-eng,carol-eng/project-02,startup-co,2024-01-15,2024-01-15T05:51:00Z
526,PushEvent,carol-eng,carol-eng/project-02,startup-co,2024-01-15,2024-01-15T01:58:00Z
527,PushEvent,carol-eng,carol-eng/project-02,startup-co,2024-01-15,2024-01-15T23:58:00Z
528,PushEvent,carol-eng,carol-eng/project-02,startup-co,2024-01-15,2024-01-15T12:05:00Z
529,PullRequestEvent,carol-eng,carol-eng/project-02,startup-co,2024-01-15,2024-01-15T00:52:00Z
530,PullRequestEvent,carol-eng,carol-eng/project-02,startup-co,2024-01-15,2024-01-15T21:20:00Z
531,PullRequestEvent,carol-eng,carol-eng/project-02,startup-co,2024-01-15,2024-01-15T05:05:00Z
532,PullRequestEvent,carol-eng,carol-eng/project-02,startup-co,2024-01-15,2024-01-15T22:47:00Z
533,PullRequestEvent,carol-eng,carol-eng/project-02,startup-co,2024-01-15,2024-01-15T03:29:00Z
534,PullRequestEvent,carol-eng,carol-eng/project-02,startup-co,2024-01-15,2024-01-15T10:29:00Z
535,IssuesEvent,carol-eng,carol-eng/project-02,startup-co,2024-01-15,2024-01-15T22:02:00Z
536,PushEvent,carol-eng,carol-eng/project-03,startup-co,2024-01-15,2024-01-15T07:36:00Z
537,PushEvent,carol-eng,carol-eng/project-03,startup-co,2024-01-15,2024-01-15T03:23:00Z
538,PushEvent,carol-eng,carol-eng/project-03,startup-co,2024-01-15,2024-01-15T05:01:00Z
539,PushEvent,carol-eng,carol-eng/project-03,startup-co,2024-01-15,2024-01-15T19:27:00Z
540,PushEvent,carol-eng,carol-eng/project-03,startup-co,2024-01-15,2024-01-15T10:03:00Z
541,PushEvent,carol-eng,carol-eng/project-03,startup-co,2024-01-15,2024-01-15T14:05:00Z
542,PushEvent,carol-eng,carol-eng/project-03,startup-co,2024-01-15,2024-01-15T21:48:00Z
543,PushEvent,carol-eng,carol-eng/project-03,startup-co,2024-01-15,2024-01-15T23:37:00Z
544,PushEvent,carol-eng,carol-eng/project-03,startup-co,2024-01-15,2024-01-15T18:56:00Z
545,PushEvent,carol-eng,carol-eng/project-03,startup-co,2024-01-15,2024-01-15T01:14:00Z
546,PushEvent,carol-eng,carol-eng/project-03,startup-co,2024-01-15,2024-01-15T10:07:00Z
547,PushEvent,carol-eng,carol-eng/project-03,startup-co,2024-01-15,2024-01-15T18:44:00Z
548,PushEvent,carol-eng,carol-eng/project-03,startup-co,2024-01-15,2024-01-15T11:04:00Z
549,PushEvent,carol-eng,carol-eng/project-03,startup-co,2024-01-15,2024-01-15T05:25:00Z
550,PushEvent,carol-eng,carol-eng/project-03,startup-co,2024-01-15,2024-01-15T21:03:00Z
551,PushEvent,carol-eng,carol-eng/project-03,startup-co,2024-01-15,2024-01-15T18:19:00Z
552,PushEvent,carol-eng,carol-eng/project-03,startup-co,2024-01-15,2024-01-15T00:19:00Z
553,PushEvent,carol-eng,carol-eng/project-03,startup-co,2024-01-15,2024-01-15T16:11:00Z
554,PushEvent,carol-eng,carol-eng/project-03,startup-co,2024-01-15,2024-01-15T14:00:00Z
555,PushEvent,carol-eng,carol-eng/project-03,startup-co,2024-01-15,2024-01-15T13:37:00Z
556,PushEvent,carol-eng,carol-eng/project-03,startup-co,2024-01-15,2024-01-15T04:10:00Z
557,PushEvent,carol-eng,carol-eng/project-03,startup-co,2024-01-15,2024-01-15T03:12:00Z
558,PushEvent,carol-eng,carol-eng/project-03,startup-co,2024-01-15,2024-01-15T10:02:00Z
559,PushEvent,carol-eng,carol-eng/project-03,startup-co,2024-01-15,2024-01-15T00:05:00Z
560,PushEvent,carol-eng,carol-eng/project-03,startup-co,2024-01-15,2024-01-15T17:55:00Z
561,PushEvent,carol-eng,carol-eng/project-03,startup-co,2024-01-15,2024-01-15T09:04:00Z
562,PushEvent,carol-eng,carol-eng/project-03,startup-co,2024-01-15,2024-01-15T22:09:00Z
563,PushEvent,carol-eng,carol-eng/project-03,startup-co,2024-01-15,2024-01-15T11:01:00Z
564,PushEvent,carol-eng,carol-eng/project-03,startup-co,2024-01-15,2024-01-15T12:39:00Z
565,PushEvent,carol-eng,carol-eng/project-03,startup-co,2024-01-15,2024-01-15T01:19:00Z
566,PushEvent,carol-eng,carol-eng/project-03,startup-co,2024-01-15,2024-01-15T00:36:00Z
567,PushEvent,carol-eng,carol-eng/project-03,startup-co,2024-01-15,2024-01-15T08:16:00Z
568,PushEvent,carol-eng,carol-eng/project-03,startup-co,2024-01-15,2024-01-15T08:10:00Z
569,PushEvent,carol-eng,carol-eng/project-03,startup-co,2024-01-15,2024-01-15T14:23:00Z
570,PushEvent,carol-eng,carol-eng/project-03,startup-co,2024-01-15,2024-01-15T05:54:00Z
571,PushEvent,carol-eng,carol-eng/project-03,startup-co,2024-01-15,2024-01-15T02:29:00Z
572,PushEvent,carol-eng,carol-eng/project-03,startup-co,2024-01-15,2024-01-15T16:04:00Z
573,PushEvent,carol-eng,carol-eng/project-03,startup-co,2024-01-15,2024-01-15T11:49:00Z
574,PushEvent,carol-eng,carol-eng/project-03,startup-co,2024-01-15,2024-01-15T13:52:00Z
575,PushEvent,carol-eng,carol-eng/project-03,startup-co,2024-01-15,2024-01-15T23:10:00Z
576,PushEvent,carol-eng,carol-eng/project-03,startup-co,2024-01-15,2024-01-15T08:33:00Z
577,PushEvent,carol-eng,carol-eng/project-03,startup-co,2024-01-15,2024-01-15T11:34:00Z
578,PushEvent,carol-eng,carol-eng/project-03,startup-co,2024-01-15,2024-01-15T02:00:00Z
579,PushEvent,carol-eng,carol-eng/project-03,startup-co,2024-01-15,2024-01-15T07:21:00Z
580,PushEvent,carol-eng,carol-eng/project-03,startup-co,2024-01-15,2024-01-15T07:10:00Z
581,PushEvent,carol-eng,carol-eng/project-03,startup-co,2024-01-15,2024-01-15T08:36:00Z
582,PushEvent,carol-eng,carol-eng/project-03,startup-co,2024-01-15,2024-01-15T13:59:00Z
583,PushEvent,carol-eng,carol-eng/project-03,startup-co,2024-01-15,2024-01-15T02:20:00Z
584,PushEvent,carol-eng,carol-eng/project-03,startup-co,2024-01-15,2024-01-15T04:04:00Z
585,PushEvent,carol-eng,carol-eng/project-03,startup-co,2024-01-15,2024-01-15T18:58:00Z
586,PushEvent,carol-eng,carol-eng/project-03,startup-co,2024-01-15,2024-01-15T13:25:00Z
587,PushEvent,carol-eng,carol-eng/project-03,startup-co,2024-01-15,2024-01-15T03:24:00Z
588,PushEvent,carol-eng,carol-eng/project-03,startup-co,2024-01-15,2024-01-15T12:41:00Z
589,PushEvent,carol-eng,carol-eng/project-03,startup-co,2024-01-15,2024-01-15T17:39:00Z
590,PushEvent,carol-eng,carol-eng/project-03,startup-co,2024-01-15,2024-01-15T07:38:00Z
591,PushEvent,carol-eng,carol-eng/project-03,startup-co,2024-01-15,2024-01-15T07:13:00Z
592,PushEvent,carol-eng,carol-eng/project-03,startup-co,2024-01-15,2024-01-15T18:37:00Z
593,PushEvent,carol-eng,carol-eng/project-03,startup-co,2024-01-15,2024-01-15T00:22:00Z
594,PushEvent,carol-eng,carol-eng/project-03,startup-co,2024-01-15,2024-01-15T14:32:00Z
595,PushEvent,carol-eng,carol-eng/project-03,startup-co,2024-01-15,2024-01-15T16:32:00Z
596,PushEvent,carol-eng,carol-eng/project-03,startup-co,2024-01-15,2024-01-15T14:54:00Z
597,PushEvent,carol-eng,carol-eng/project-03,startup-co,2024-01-15,2024-01-15T01:13:00Z
598,PushEvent,carol-eng,carol-eng/project-03,startup-co,2024-01-15,2024-01-15T20:39:00Z
599,PushEvent,carol-eng,carol-eng/project-03,startup-co,2024-01-15,2024-01-15T07:50:00Z
600,PushEvent,carol-eng,carol-eng/project-03,startup-co,2024-01-15,2024-01-15T06:50:00Z
601,PushEvent,carol-eng,carol-eng/project-03,startup-co,2024-01-15,2024-01-15T05:05:00Z
602,PushEvent,carol-eng,carol-eng/project-03,startup-co,2024-01-15,2024-01-15T02:06:00Z
603,PushEvent,carol-eng,carol-eng/project-03,startup-co,2024-01-15,2024-01-15T18:07:00Z
604,PushEvent,carol-eng,carol-eng/project-03,startup-co,2024-01-15,2024-01-15T09:51:00Z
605,PushEvent,carol-eng,carol-eng/project-03,startup-co,2024-01-15,2024-01-15T14:46:00Z
606,PushEvent,carol-eng,carol-eng/project-03,startup-co,2024-01-15,2024-01-15T00:51:00Z
607,PushEvent,carol-eng,carol-eng/project-03,startup-co,2024-01-15,2024-01-15T06:26:00Z
608,PushEvent,carol-eng,carol-eng/project-03,startup-co,2024-01-15,2024-01-15T03:28:00Z
609,PushEvent,carol-eng,carol-eng/project-03,startup-co,2024-01-15,2024-01-15T05:56:00Z
610,PushEvent,carol-eng,carol-eng/project-03,startup-co,2024-01-15,2024-01-15T00:36:00Z
611,PushEvent,carol-eng,carol-eng/project-03,startup-co,2024-01-15,2024-01-15T22:32:00Z
612,PushEvent,carol-eng,carol-eng/project-03,startup-co,2024-01-15,2024-01-15T03:21:00Z
613,PushEvent,carol-eng,carol-eng/project-03,startup-co,2024-01-15,2024-01-15T01:09:00Z
614,PushEvent,carol-eng,carol-eng/project-03,startup-co,2024-01-15,2024-01-15T04:58:00Z
615,PushEvent,carol-eng,carol-eng/project-03,startup-co,2024-01-15,2024-01-15T09:32:00Z
616,PullRequestEvent,carol-eng,carol-eng/project-03,startup-co,2024-01-15,2024-01-15T05:12:00Z
617,PullRequestEvent,carol-eng,carol-eng/project-03,startup-co,2024-01-15,2024-01-15T14:35:00Z
618,PullRequestEvent,carol-eng,carol-eng/project-03,startup-co,2024-01-15,2024-01-15T12:23:00Z
619,PullRequestEvent,carol-eng,carol-eng/project-03,startup-co,2024-01-15,2024-01-15T19:55:00Z
620,PullRequestEvent,carol-eng,carol-eng/project-03,startup-co,2024-01-15,2024-01-15T14:28:00Z
621,PullRequestEvent,carol-eng,carol-eng/project-03,startup-co,2024-01-15,2024-01-15T07:04:00Z
622,PullRequestEvent,carol-eng,carol-eng/project-03,startup-co,2024-01-15,2024-01-15T14:03:00Z
623,IssuesEvent,carol-eng,carol-eng/project-03,startup-co,2024-01-15,2024-01-15T12:01:00Z
624,IssuesEvent,carol-eng,carol-eng/project-03,startup-co,2024-01-15,2024-01-15T18:50:00Z
625,IssuesEvent,carol-eng,carol-eng/project-03,startup-co,2024-01-15,2024-01-15T03:35:00Z
626,IssuesEvent,carol-eng,carol-eng/project-03,startup-co,2024-01-15,2024-01-15T10:26:00Z
627,PushEvent,github-actions[bot],github-actions[bot]/project-01,0,2024-01-15,2024-01-15T10:09:00Z
628,PushEvent,github-actions[bot],github-actions[bot]/project-01,0,2024-01-15,2024-01-15T07:37:00Z
629,PushEvent,github-actions[bot],github-actions[bot]/project-01,0,2024-01-15,2024-01-15T05:07:00Z
630,PushEvent,github-actions[bot],github-actions[bot]/project-01,0,2024-01-15,2024-01-15T22:46:00Z
631,PushEvent,github-actions[bot],github-actions[bot]/project-01,0,2024-01-15,2024-01-15T13:42:00Z
632,PushEvent,github-actions[bot],github-actions[bot]/project-01,0,2024-01-15,2024-01-15T11:25:00Z
633,PushEvent,github-actions[bot],github-actions[bot]/project-01,0,2024-01-15,2024-01-15T12:39:00Z
634,PushEvent,github-actions[bot],github-actions[bot]/project-01,0,2024-01-15,2024-01-15T17:24:00Z
635,PushEvent,github-actions[bot],github-actions[bot]/project-01,0,2024-01-15,2024-01-15T00:46:00Z
636,PushEvent,github-actions[bot],github-actions[bot]/project-01,0,2024-01-15,2024-01-15T07:59:00Z
637,PushEvent,github-actions[bot],github-actions[bot]/project-01,0,2024-01-15,2024-01-15T10:11:00Z
638,PushEvent,github-actions[bot],github-actions[bot]/project-01,0,2024-01-15,2024-01-15T11:35:00Z
639,PushEvent,github-actions[bot],github-actions[bot]/project-01,0,2024-01-15,2024-01-15T15:03:00Z
640,PushEvent,github-actions[bot],github-actions[bot]/project-01,0,2024-01-15,2024-01-15T04:55:00Z
641,PushEvent,github-actions[bot],github-actions[bot]/project-01,0,2024-01-15,2024-01-15T04:07:00Z
642,PushEvent,github-actions[bot],github-actions[bot]/project-01,0,2024-01-15,2024-01-15T09:48:00Z
643,PushEvent,github-actions[bot],github-actions[bot]/project-01,0,2024-01-15,2024-01-15T08:53:00Z
644,PushEvent,github-actions[bot],github-actions[bot]/project-01,0,2024-01-15,2024-01-15T18:28:00Z
645,PushEvent,github-actions[bot],github-actions[bot]/project-01,0,2024-01-15,2024-01-15T13:39:00Z
646,PushEvent,github-actions[bot],github-actions[bot]/project-01,0,2024-01-15,2024-01-15T08:21:00Z
647,PushEvent,github-actions[bot],github-actions[bot]/project-01,0,2024-01-15,2024-01-15T10:22:00Z
648,PushEvent,github-actions[bot],github-actions[bot]/project-01,0,2024-01-15,2024-01-15T00:45:00Z
649,PushEvent,github-actions[bot],github-actions[bot]/project-01,0,2024-01-15,2024-01-15T04:20:00Z
650,PushEvent,github-actions[bot],github-actions[bot]/project-01,0,2024-01-15,2024-01-15T13:35:00Z
651,PushEvent,github-actions[bot],github-actions[bot]/project-01,0,2024-01-15,2024-01-15T21:22:00Z
652,PushEvent,github-actions[bot],github-actions[bot]/project-01,0,2024-01-15,2024-01-15T00:53:00Z
653,PushEvent,github-actions[bot],github-actions[bot]/project-01,0,2024-01-15,2024-01-15T22:50:00Z
654,PushEvent,github-actions[bot],github-actions[bot]/project-01,0,2024-01-15,2024-01-15T07:14:00Z
655,PushEvent,github-actions[bot],github-actions[bot]/project-01,0,2024-01-15,2024-01-15T20:46:00Z
656,PushEvent,github-actions[bot],github-actions[bot]/project-01,0,2024-01-15,2024-01-15T08:52:00Z
657,PushEvent,github-actions[bot],github-actions[bot]/project-01,0,2024-01-15,2024-01-15T08:09:00Z
658,PushEvent,github-actions[bot],github-actions[bot]/project-01,0,2024-01-15,2024-01-15T19:56:00Z
659,PushEvent,github-actions[bot],github-actions[bot]/project-01,0,2024-01-15,2024-01-15T20:25:00Z
660,PushEvent,github-actions[bot],github-actions[bot]/project-01,0,2024-01-15,2024-01-15T08:34:00Z
661,PushEvent,github-actions[bot],github-actions[bot]/project-01,0,2024-01-15,2024-01-15T19:24:00Z
662,PushEvent,github-actions[bot],github-actions[bot]/project-01,0,2024-01-15,2024-01-15T10:37:00Z
663,PushEvent,github-actions[bot],github-actions[bot]/project-01,0,2024-01-15,2024-01-15T01:06:00Z
664,PushEvent,github-actions[bot],github-actions[bot]/project-01,0,2024-01-15,2024-01-15T17:26:00Z
665,PushEvent,github-actions[bot],github-actions[bot]/project-01,0,2024-01-15,2024-01-15T01:26:00Z
666,PushEvent,github-actions[bot],github-actions[bot]/project-01,0,2024-01-15,2024-01-15T16:42:00Z
667,PushEvent,github-actions[bot],github-actions[bot]/project-01,0,2024-01-15,2024-01-15T11:58:00Z
668,PushEvent,github-actions[bot],github-actions[bot]/project-01,0,2024-01-15,2024-01-15T18:53:00Z
669,PushEvent,github-actions[bot],github-actions[bot]/project-01,0,2024-01-15,2024-01-15T23:24:00Z
670,PushEvent,github-actions[bot],github-actions[bot]/project-01,0,2024-01-15,2024-01-15T06:51:00Z
671,PushEvent,github-actions[bot],github-actions[bot]/project-01,0,2024-01-15,2024-01-15T05:52:00Z
672,PushEvent,github-actions[bot],github-actions[bot]/project-01,0,2024-01-15,2024-01-15T23:32:00Z
673,PushEvent,github-actions[bot],github-actions[bot]/project-01,0,2024-01-15,2024-01-15T16:28:00Z
674,PushEvent,github-actions[bot],github-actions[bot]/project-01,0,2024-01-15,2024-01-15T10:21:00Z
675,PushEvent,github-actions[bot],github-actions[bot]/project-01,0,2024-01-15,2024-01-15T17:20:00Z
676,PullRequestEvent,github-actions[bot],github-actions[bot]/project-01,0,2024-01-15,2024-01-15T06:16:00Z
677,PullRequestEvent,github-actions[bot],github-actions[bot]/project-01,0,2024-01-15,2024-01-15T19:40:00Z
678,IssuesEvent,github-actions[bot],github-actions[bot]/project-01,0,2024-01-15,2024-01-15T19:53:00Z
679,PushEvent,github-actions[bot],github-actions[bot]/project-02,0,2024-01-15,2024-01-15T07:48:00Z
680,PushEvent,github-actions[bot],github-actions[bot]/project-02,0,2024-01-15,2024-01-15T06:00:00Z
681,PushEvent,github-actions[bot],github-actions[bot]/project-02,0,2024-01-15,2024-01-15T12:29:00Z
682,PushEvent,github-actions[bot],github-actions[bot]/project-02,0,2024-01-15,2024-01-15T22:50:00Z
683,PushEvent,github-actions[bot],github-actions[bot]/project-02,0,2024-01-15,2024-01-15T23:18:00Z
684,PushEvent,github-actions[bot],github-actions[bot]/project-02,0,2024-01-15,2024-01-15T16:44:00Z
685,PushEvent,github-actions[bot],github-actions[bot]/project-02,0,2024-01-15,2024-01-15T15:39:00Z
686,PushEvent,github-actions[bot],github-actions[bot]/project-02,0,2024-01-15,2024-01-15T18:17:00Z
687,PushEvent,github-actions[bot],github-actions[bot]/project-02,0,2024-01-15,2024-01-15T00:13:00Z
688,PushEvent,github-actions[bot],github-actions[bot]/project-02,0,2024-01-15,2024-01-15T18:46:00Z
689,PushEvent,github-actions[bot],github-actions[bot]/project-02,0,2024-01-15,2024-01-15T17:01:00Z
690,PushEvent,github-actions[bot],github-actions[bot]/project-02,0,2024-01-15,2024-01-15T21:27:00Z
691,PushEvent,github-actions[bot],github-actions[bot]/project-02,0,2024-01-15,2024-01-15T16:49:00Z
692,PushEvent,github-actions[bot],github-actions[bot]/project-02,0,2024-01-15,2024-01-15T05:50:00Z
693,PushEvent,github-actions[bot],github-actions[bot]/project-02,0,2024-01-15,2024-01-15T03:00:00Z
694,PushEvent,github-actions[bot],github-actions[bot]/project-02,0,2024-01-15,2024-01-15T07:28:00Z
695,PushEvent,github-actions[bot],github-actions[bot]/project-02,0,2024-01-15,2024-01-15T22:38:00Z
696,PushEvent,github-actions[bot],github-actions[bot]/project-02,0,2024-01-15,2024-01-15T02:31:00Z
697,PushEvent,github-actions[bot],github-actions[bot]/project-02,0,2024-01-15,2024-01-15T09:09:00Z
698,PushEvent,github-actions[bot],github-actions[bot]/project-02,0,2024-01-15,2024-01-15T18:45:00Z
699,PushEvent,github-actions[bot],github-actions[bot]/project-02,0,2024-01-15,2024-01-15T01:59:00Z
700,PushEvent,github-actions[bot],github-actions[bot]/project-02,0,2024-01-15,2024-01-15T00:22:00Z
701,PushEvent,github-actions[bot],github-actions[bot]/project-02,0,2024-01-15,2024-01-15T22:27:00Z
702,PushEvent,github-actions[bot],github-actions[bot]/project-02,0,2024-01-15,2024-01-15T17:06:00Z
703,PushEvent,github-actions[bot],github-actions[bot]/project-02,0,2024-01-15,2024-01-15T07:00:00Z
704,PushEvent,github-actions[bot],github-actions[bot]/project-02,0,2024-01-15,2024-01-15T22:02:00Z
705,PushEvent,github-actions[bot],github-actions[bot]/project-02,0,2024-01-15,2024-01-15T23:22:00Z
706,PushEvent,github-actions[bot],github-actions[bot]/project-02,0,2024-01-15,2024-01-15T07:53:00Z
707,PushEvent,github-actions[bot],github-actions[bot]/project-02,0,2024-01-15,2024-01-15T14:36:00Z
708,PushEvent,github-actions[bot],github-actions[bot]/project-02,0,2024-01-15,2024-01-15T02:50:00Z
709,PushEvent,github-actions[bot],github-actions[bot]/project-02,0,2024-01-15,2024-01-15T00:27:00Z
710,PushEvent,github-actions[bot],github-actions[bot]/project-02,0,2024-01-15,2024-01-15T14:07:00Z
711,PushEvent,github-actions[bot],github-actions[bot]/project-02,0,2024-01-15,2024-01-15T01:34:00Z
712,PushEvent,github-actions[bot],github-actions[bot]/project-02,0,2024-01-15,2024-01-15T23:13:00Z
713,PushEvent,github-actions[bot],github-actions[bot]/project-02,0,2024-01-15,2024-01-15T23:45:00Z
714,PushEvent,github-actions[bot],github-actions[bot]/project-02,0,2024-01-15,2024-01-15T10:15:00Z
715,PushEvent,github-actions[bot],github-actions[bot]/project-02,0,2024-01-15,2024-01-15T03:51:00Z
716,PushEvent,github-actions[bot],github-actions[bot]/project-02,0,2024-01-15,2024-01-15T04:53:00Z
717,PushEvent,github-actions[bot],github-actions[bot]/project-02,0,2024-01-15,2024-01-15T20:13:00Z
718,PushEvent,github-actions[bot],github-actions[bot]/project-02,0,2024-01-15,2024-01-15T22:47:00Z
719,PushEvent,github-actions[bot],github-actions[bot]/project-02,0,2024-01-15,2024-01-15T17:06:00Z
720,PushEvent,github-actions[bot],github-actions[bot]/project-02,0,2024-01-15,2024-01-15T09:06:00Z
721,PushEvent,github-actions[bot],github-actions[bot]/project-02,0,2024-01-15,2024-01-15T00:22:00Z
722,PushEvent,github-actions[bot],github-actions[bot]/project-02,0,2024-01-15,2024-01-15T20:18:00Z
723,PushEvent,github-actions[bot],github-actions[bot]/project-02,0,2024-01-15,2024-01-15T15:18:00Z
724,PushEvent,github-actions[bot],github-actions[bot]/project-02,0,2024-01-15,2024-01-15T03:28:00Z
725,PushEvent,github-actions[bot],github-actions[bot]/project-02,0,2024-01-15,2024-01-15T17:01:00Z
726,PushEvent,github-actions[bot],github-actions[bot]/project-02,0,2024-01-15,2024-01-15T00:46:00Z
727,PushEvent,github-actions[bot],github-actions[bot]/project-02,0,2024-01-15,2024-01-15T04:19:00Z
728,PushEvent,github-actions[bot],github-actions[bot]/project-02,0,2024-01-15,2024-01-15T10:41:00Z
729,PushEvent,github-actions[bot],github-actions[bot]/project-02,0,2024-01-15,2024-01-15T01:02:00Z
730,PullRequestEvent,github-actions[bot],github-actions[bot]/project-02,0,2024-01-15,2024-01-15T22:11:00Z
731,PullRequestEvent,github-actions[bot],github-actions[bot]/project-02,0,2024-01-15,2024-01-15T19:04:00Z
732,PullRequestEvent,github-actions[bot],github-actions[bot]/project-02,0,2024-01-15,2024-01-15T04:37:00Z
733,PullRequestEvent,github-actions[bot],github-actions[bot]/project-02,0,2024-01-15,2024-01-15T08:33:00Z
734,PullRequestEvent,github-actions[bot],github-actions[bot]/project-02,0,2024-01-15,2024-01-15T20:43:00Z
735,PullRequestEvent,github-actions[bot],github-actions[bot]/project-02,0,2024-01-15,2024-01-15T02:51:00Z
736,PullRequestEvent,github-actions[bot],github-actions[bot]/project-02,0,2024-01-15,2024-01-15T21:43:00Z
737,PullRequestEvent,github-actions[bot],github-actions[bot]/project-02,0,2024-01-15,2024-01-15T23:16:00Z
738,IssuesEvent,github-actions[bot],github-actions[bot]/project-02,0,2024-01-15,2024-01-15T23:58:00Z
739,IssuesEvent,github-actions[bot],github-actions[bot]/project-02,0,2024-01-15,2024-01-15T13:22:00Z
740,PushEvent,github-actions[bot],github-actions[bot]/project-03,0,2024-01-15,2024-01-15T16:49:00Z
741,PushEvent,github-actions[bot],github-actions[bot]/project-03,0,2024-01-15,2024-01-15T18:16:00Z
742,PushEvent,github-actions[bot],github-actions[bot]/project-03,0,2024-01-15,2024-01-15T13:08:00Z
743,PushEvent,github-actions[bot],github-actions[bot]/project-03,0,2024-01-15,2024-01-15T07:01:00Z
744,PushEvent,github-actions[bot],github-actions[bot]/project-03,0,2024-01-15,2024-01-15T12:24:00Z
745,PushEvent,github-actions[bot],github-actions[bot]/project-03,0,2024-01-15,2024-01-15T06:08:00Z
746,PushEvent,github-actions[bot],github-actions[bot]/project-03,0,2024-01-15,2024-01-15T21:21:00Z
747,PushEvent,github-actions[bot],github-actions[bot]/project-03,0,2024-01-15,2024-01-15T10:45:00Z
748,PushEvent,github-actions[bot],github-actions[bot]/project-03,0,2024-01-15,2024-01-15T03:25:00Z
749,PushEvent,github-actions[bot],github-actions[bot]/project-03,0,2024-01-15,2024-01-15T12:33:00Z
750,PushEvent,github-actions[bot],github-actions[bot]/project-03,0,2024-01-15,2024-01-15T22:36:00Z
751,PushEvent,github-actions[bot],github-actions[bot]/project-03,0,2024-01-15,2024-01-15T10:05:00Z
752,PushEvent,github-actions[bot],github-actions[bot]/project-03,0,2024-01-15,2024-01-15T17:20:00Z
753,PushEvent,github-actions[bot],github-actions[bot]/project-03,0,2024-01-15,2024-01-15T09:35:00Z
754,PushEvent,github-actions[bot],github-actions[bot]/project-03,0,2024-01-15,2024-01-15T08:37:00Z
755,PushEvent,github-actions[bot],github-actions[bot]/project-03,0,2024-01-15,2024-01-15T01:16:00Z
756,PushEvent,github-actions[bot],github-actions[bot]/project-03,0,2024-01-15,2024-01-15T04:24:00Z
757,PushEvent,github-actions[bot],github-actions[bot]/project-03,0,2024-01-15,2024-01-15T05:57:00Z
758,PushEvent,github-actions[bot],github-actions[bot]/project-03,0,2024-01-15,2024-01-15T11:22:00Z
759,PushEvent,github-actions[bot],github-actions[bot]/project-03,0,2024-01-15,2024-01-15T20:41:00Z
760,PushEvent,github-actions[bot],github-actions[bot]/project-03,0,2024-01-15,2024-01-15T21:20:00Z
761,PushEvent,github-actions[bot],github-actions[bot]/project-03,0,2024-01-15,2024-01-15T05:26:00Z
762,PushEvent,github-actions[bot],github-actions[bot]/project-03,0,2024-01-15,2024-01-15T07:33:00Z
763,PushEvent,github-actions[bot],github-actions[bot]/project-03,0,2024-01-15,2024-01-15T11:44:00Z
764,PushEvent,github-actions[bot],github-actions[bot]/project-03,0,2024-01-15,2024-01-15T20:06:00Z
765,PushEvent,github-actions[bot],github-actions[bot]/project-03,0,2024-01-15,2024-01-15T09:44:00Z
766,PushEvent,github-actions[bot],github-actions[bot]/project-03,0,2024-01-15,2024-01-15T16:25:00Z
767,PushEvent,github-actions[bot],github-actions[bot]/project-03,0,2024-01-15,2024-01-15T20:27:00Z
768,PushEvent,github-actions[bot],github-actions[bot]/project-03,0,2024-01-15,2024-01-15T13:01:00Z
769,PushEvent,github-actions[bot],github-actions[bot]/project-03,0,2024-01-15,2024-01-15T21:42:00Z
770,PushEvent,github-actions[bot],github-actions[bot]/project-03,0,2024-01-15,2024-01-15T00:50:00Z
771,PushEvent,github-actions[bot],github-actions[bot]/project-03,0,2024-01-15,2024-01-15T20:35:00Z
772,PushEvent,github-actions[bot],github-actions[bot]/project-03,0,2024-01-15,2024-01-15T18:25:00Z
773,PushEvent,github-actions[bot],github-actions[bot]/project-03,0,2024-01-15,2024-01-15T20:10:00Z
774,PushEvent,github-actions[bot],github-actions[bot]/project-03,0,2024-01-15,2024-01-15T07:10:00Z
775,PushEvent,github-actions[bot],github-actions[bot]/project-03,0,2024-01-15,2024-01-15T03:48:00Z
776,PushEvent,github-actions[bot],github-actions[bot]/project-03,0,2024-01-15,2024-01-15T06:39:00Z
777,PushEvent,github-actions[bot],github-actions[bot]/project-03,0,2024-01-15,2024-01-15T02:53:00Z
778,PushEvent,github-actions[bot],github-actions[bot]/project-03,0,2024-01-15,2024-01-15T01:54:00Z
779,PushEvent,github-actions[bot],github-actions[bot]/project-03,0,2024-01-15,2024-01-15T14:23:00Z
780,PushEvent,github-actions[bot],github-actions[bot]/project-03,0,2024-01-15,2024-01-15T21:21:00Z
781,PushEvent,github-actions[bot],github-actions[bot]/project-03,0,2024-01-15,2024-01-15T04:55:00Z
782,PushEvent,github-actions[bot],github-actions[bot]/project-03,0,2024-01-15,2024-01-15T00:57:00Z
783,PushEvent,github-actions[bot],github-actions[bot]/project-03,0,2024-01-15,2024-01-15T03:46:00Z
784,PushEvent,github-actions[bot],github-actions[bot]/project-03,0,2024-01-15,2024-01-15T19:18:00Z
785,PushEvent,github-actions[bot],github-actions[bot]/project-03,0,2024-01-15,2024-01-15T02:51:00Z
786,PushEvent,github-actions[bot],github-actions[bot]/project-03,0,2024-01-15,2024-01-15T10:16:00Z
787,PushEvent,github-actions[bot],github-actions[bot]/project-03,0,2024-01-15,2024-01-15T12:42:00Z
788,PushEvent,github-actions[bot],github-actions[bot]/project-03,0,2024-01-15,2024-01-15T01:08:00Z
789,PushEvent,github-actions[bot],github-actions[bot]/project-03,0,2024-01-15,2024-01-15T01:52:00Z
790,PushEvent,github-actions[bot],github-actions[bot]/project-03,0,2024-01-15,2024-01-15T08:08:00Z
791,PushEvent,github-actions[bot],github-actions[bot]/project-03,0,2024-01-15,2024-01-15T07:16:00Z
792,PushEvent,github-actions[bot],github-actions[bot]/project-03,0,2024-01-15,2024-01-15T00:24:00Z
793,PushEvent,github-actions[bot],github-actions[bot]/project-03,0,2024-01-15,2024-01-15T10:39:00Z
794,PushEvent,github-actions[bot],github-actions[bot]/project-03,0,2024-01-15,2024-01-15T09:24:00Z
795,PushEvent,github-actions[bot],github-actions[bot]/project-03,0,2024-01-15,2024-01-15T06:34:00Z
796,PushEvent,github-actions[bot],github-actions[bot]/project-03,0,2024-01-15,2024-01-15T02:49:00Z
797,PushEvent,github-actions[bot],github-actions[bot]/project-03,0,2024-01-15,2024-01-15T04:43:00Z
798,PushEvent,github-actions[bot],github-actions[bot]/project-03,0,2024-01-15,2024-01-15T11:50:00Z
799,PushEvent,github-actions[bot],github-actions[bot]/project-03,0,2024-01-15,2024-01-15T05:33:00Z
800,PushEvent,github-actions[bot],github-actions[bot]/project-03,0,2024-01-15,2024-01-15T11:18:00Z
801,PullRequestEvent,github-actions[bot],github-actions[bot]/project-03,0,2024-01-15,2024-01-15T11:58:00Z
802,PullRequestEvent,github-actions[bot],github-actions[bot]/project-03,0,2024-01-15,2024-01-15T16:16:00Z
803,PullRequestEvent,github-actions[bot],github-actions[bot]/project-03,0,2024-01-15,2024-01-15T09:56:00Z
804,PullRequestEvent,github-actions[bot],github-actions[bot]/project-03,0,2024-01-15,2024-01-15T22:48:00Z
805,PullRequestEvent,github-actions[bot],github-actions[bot]/project-03,0,2024-01-15,2024-01-15T14:11:00Z
806,PullRequestEvent,github-actions[bot],github-actions[bot]/project-03,0,2024-01-15,2024-01-15T15:23:00Z
807,IssuesEvent,github-actions[bot],github-actions[bot]/project-03,0,2024-01-15,2024-01-15T07:30:00Z
808,IssuesEvent,github-actions[bot],github-actions[bot]/project-03,0,2024-01-15,2024-01-15T20:16:00Z
809,IssuesEvent,github-actions[bot],github-actions[bot]/project-03,0,2024-01-15,2024-01-15T22:36:00Z
810,PushEvent,dependabot[bot],dependabot[bot]/project-01,0,2024-01-15,2024-01-15T05:07:00Z
811,PushEvent,dependabot[bot],dependabot[bot]/project-01,0,2024-01-15,2024-01-15T17:24:00Z
812,PushEvent,dependabot[bot],dependabot[bot]/project-01,0,2024-01-15,2024-01-15T11:14:00Z
813,PushEvent,dependabot[bot],dependabot[bot]/project-01,0,2024-01-15,2024-01-15T08:44:00Z
814,PushEvent,dependabot[bot],dependabot[bot]/project-01,0,2024-01-15,2024-01-15T14:31:00Z
815,PushEvent,dependabot[bot],dependabot[bot]/project-01,0,2024-01-15,2024-01-15T09:15:00Z
816,PushEvent,dependabot[bot],dependabot[bot]/project-01,0,2024-01-15,2024-01-15T06:16:00Z
817,PushEvent,dependabot[bot],dependabot[bot]/project-01,0,2024-01-15,2024-01-15T22:25:00Z
818,PushEvent,dependabot[bot],dependabot[bot]/project-01,0,2024-01-15,2024-01-15T20:21:00Z
819,PushEvent,dependabot[bot],dependabot[bot]/project-01,0,2024-01-15,2024-01-15T06:13:00Z
820,PushEvent,dependabot[bot],dependabot[bot]/project-01,0,2024-01-15,2024-01-15T14:52:00Z
821,PushEvent,dependabot[bot],dependabot[bot]/project-01,0,2024-01-15,2024-01-15T06:08:00Z
822,PushEvent,dependabot[bot],dependabot[bot]/project-01,0,2024-01-15,2024-01-15T18:47:00Z
823,PushEvent,dependabot[bot],dependabot[bot]/project-01,0,2024-01-15,2024-01-15T07:49:00Z
824,PushEvent,dependabot[bot],dependabot[bot]/project-01,0,2024-01-15,2024-01-15T22:28:00Z
825,PushEvent,dependabot[bot],dependabot[bot]/project-01,0,2024-01-15,2024-01-15T17:30:00Z
826,PushEvent,dependabot[bot],dependabot[bot]/project-01,0,2024-01-15,2024-01-15T19:38:00Z
827,PushEvent,dependabot[bot],dependabot[bot]/project-01,0,2024-01-15,2024-01-15T02:17:00Z
828,PushEvent,dependabot[bot],dependabot[bot]/project-01,0,2024-01-15,2024-01-15T09:38:00Z
829,PushEvent,dependabot[bot],dependabot[bot]/project-01,0,2024-01-15,2024-01-15T16:13:00Z
830,PushEvent,dependabot[bot],dependabot[bot]/project-01,0,2024-01-15,2024-01-15T23:34:00Z
831,PushEvent,dependabot[bot],dependabot[bot]/project-01,0,2024-01-15,2024-01-15T11:59:00Z
832,PushEvent,dependabot[bot],dependabot[bot]/project-01,0,2024-01-15,2024-01-15T12:33:00Z
833,PushEvent,dependabot[bot],dependabot[bot]/project-01,0,2024-01-15,2024-01-15T02:36:00Z
834,PushEvent,dependabot[bot],dependabot[bot]/project-01,0,2024-01-15,2024-01-15T10:39:00Z
835,PushEvent,dependabot[bot],dependabot[bot]/project-01,0,2024-01-15,2024-01-15T22:22:00Z
836,PushEvent,dependabot[bot],dependabot[bot]/project-01,0,2024-01-15,2024-01-15T11:38:00Z
837,PushEvent,dependabot[bot],dependabot[bot]/project-01,0,2024-01-15,2024-01-15T14:55:00Z
838,PushEvent,dependabot[bot],dependabot[bot]/project-01,0,2024-01-15,2024-01-15T16:03:00Z
839,PushEvent,dependabot[bot],dependabot[bot]/project-01,0,2024-01-15,2024-01-15T21:24:00Z
840,PushEvent,dependabot[bot],dependabot[bot]/project-01,0,2024-01-15,2024-01-15T12:17:00Z
841,PushEvent,dependabot[bot],dependabot[bot]/project-01,0,2024-01-15,2024-01-15T00:15:00Z
842,PushEvent,dependabot[bot],dependabot[bot]/project-01,0,2024-01-15,2024-01-15T12:41:00Z
843,PushEvent,dependabot[bot],dependabot[bot]/project-01,0,2024-01-15,2024-01-15T11:01:00Z
844,PushEvent,dependabot[bot],dependabot[bot]/project-01,0,2024-01-15,2024-01-15T22:34:00Z
845,PushEvent,dependabot[bot],dependabot[bot]/project-01,0,2024-01-15,2024-01-15T09:33:00Z
846,PushEvent,dependabot[bot],dependabot[bot]/project-01,0,2024-01-15,2024-01-15T22:12:00Z
847,PushEvent,dependabot[bot],dependabot[bot]/project-01,0,2024-01-15,2024-01-15T12:17:00Z
848,PushEvent,dependabot[bot],dependabot[bot]/project-01,0,2024-01-15,2024-01-15T02:58:00Z
849,PushEvent,dependabot[bot],dependabot[bot]/project-01,0,2024-01-15,2024-01-15T06:45:00Z
850,PushEvent,dependabot[bot],dependabot[bot]/project-01,0,2024-01-15,2024-01-15T19:28:00Z
851,PushEvent,dependabot[bot],dependabot[bot]/project-01,0,2024-01-15,2024-01-15T16:28:00Z
852,PushEvent,dependabot[bot],dependabot[bot]/project-01,0,2024-01-15,2024-01-15T20:43:00Z
853,PushEvent,dependabot[bot],dependabot[bot]/project-01,0,2024-01-15,2024-01-15T15:55:00Z
854,PushEvent,dependabot[bot],dependabot[bot]/project-01,0,2024-01-15,2024-01-15T11:46:00Z
855,PullRequestEvent,dependabot[bot],dependabot[bot]/project-01,0,2024-01-15,2024-01-15T09:29:00Z
856,PullRequestEvent,dependabot[bot],dependabot[bot]/project-01,0,2024-01-15,2024-01-15T06:19:00Z
857,PullRequestEvent,dependabot[bot],dependabot[bot]/project-01,0,2024-01-15,2024-01-15T04:00:00Z
858,PullRequestEvent,dependabot[bot],dependabot[bot]/project-01,0,2024-01-15,2024-01-15T16:02:00Z
859,PullRequestEvent,dependabot[bot],dependabot[bot]/project-01,0,2024-01-15,2024-01-15T12:13:00Z
860,PullRequestEvent,dependabot[bot],dependabot[bot]/project-01,0,2024-01-15,2024-01-15T23:29:00Z
861,PullRequestEvent,dependabot[bot],dependabot[bot]/project-01,0,2024-01-15,2024-01-15T17:03:00Z
862,PullRequestEvent,dependabot[bot],dependabot[bot]/project-01,0,2024-01-15,2024-01-15T17:36:00Z
863,PullRequestEvent,dependabot[bot],dependabot[bot]/project-01,0,2024-01-15,2024-01-15T15:00:00Z
864,PullRequestEvent,dependabot[bot],dependabot[bot]/project-01,0,2024-01-15,2024-01-15T20:45:00Z
865,IssuesEvent,dependabot[bot],dependabot[bot]/project-01,0,2024-01-15,2024-01-15T14:48:00Z
866,PushEvent,dependabot[bot],dependabot[bot]/project-02,0,2024-01-15,2024-01-15T23:03:00Z
867,PushEvent,dependabot[bot],dependabot[bot]/project-02,0,2024-01-15,2024-01-15T11:58:00Z
868,PushEvent,dependabot[bot],dependabot[bot]/project-02,0,2024-01-15,2024-01-15T04:36:00Z
869,PushEvent,dependabot[bot],dependabot[bot]/project-02,0,2024-01-15,2024-01-15T10:59:00Z
870,PushEvent,dependabot[bot],dependabot[bot]/project-02,0,2024-01-15,2024-01-15T05:38:00Z
871,PushEvent,dependabot[bot],dependabot[bot]/project-02,0,2024-01-15,2024-01-15T23:45:00Z
872,PushEvent,dependabot[bot],dependabot[bot]/project-02,0,2024-01-15,2024-01-15T23:10:00Z
873,PushEvent,dependabot[bot],dependabot[bot]/project-02,0,2024-01-15,2024-01-15T12:33:00Z
874,PushEvent,dependabot[bot],dependabot[bot]/project-02,0,2024-01-15,2024-01-15T06:51:00Z
875,PushEvent,dependabot[bot],dependabot[bot]/project-02,0,2024-01-15,2024-01-15T03:58:00Z
876,PushEvent,dependabot[bot],dependabot[bot]/project-02,0,2024-01-15,2024-01-15T07:19:00Z
877,PushEvent,dependabot[bot],dependabot[bot]/project-02,0,2024-01-15,2024-01-15T21:52:00Z
878,PushEvent,dependabot[bot],dependabot[bot]/project-02,0,2024-01-15,2024-01-15T18:44:00Z
879,PushEvent,dependabot[bot],dependabot[bot]/project-02,0,2024-01-15,2024-01-15T13:09:00Z
880,PushEvent,dependabot[bot],dependabot[bot]/project-02,0,2024-01-15,2024-01-15T10:33:00Z
881,PushEvent,dependabot[bot],dependabot[bot]/project-02,0,2024-01-15,2024-01-15T08:48:00Z
882,PushEvent,dependabot[bot],dependabot[bot]/project-02,0,2024-01-15,2024-01-15T02:55:00Z
883,PushEvent,dependabot[bot],dependabot[bot]/project-02,0,2024-01-15,2024-01-15T05:04:00Z
884,PushEvent,dependabot[bot],dependabot[bot]/project-02,0,2024-01-15,2024-01-15T04:53:00Z
885,PushEvent,dependabot[bot],dependabot[bot]/project-02,0,2024-01-15,2024-01-15T14:22:00Z
886,PushEvent,dependabot[bot],dependabot[bot]/project-02,0,2024-01-15,2024-01-15T16:08:00Z
887,PushEvent,dependabot[bot],dependabot[bot]/project-02,0,2024-01-15,2024-01-15T02:19:00Z
888,PushEvent,dependabot[bot],dependabot[bot]/project-02,0,2024-01-15,2024-01-15T16:58:00Z
889,PushEvent,dependabot[bot],dependabot[bot]/project-02,0,2024-01-15,2024-01-15T09:34:00Z
890,PushEvent,dependabot[bot],dependabot[bot]/project-02,0,2024-01-15,2024-01-15T17:17:00Z
891,PushEvent,dependabot[bot],dependabot[bot]/project-02,0,2024-01-15,2024-01-15T16:23:00Z
892,PushEvent,dependabot[bot],dependabot[bot]/project-02,0,2024-01-15,2024-01-15T02:31:00Z
893,PushEvent,dependabot[bot],dependabot[bot]/project-02,0,2024-01-15,2024-01-15T02:37:00Z
894,PushEvent,dependabot[bot],dependabot[bot]/project-02,0,2024-01-15,2024-01-15T12:55:00Z
895,PushEvent,dependabot[bot],dependabot[bot]/project-02,0,2024-01-15,2024-01-15T14:24:00Z
896,PushEvent,dependabot[bot],dependabot[bot]/project-02,0,2024-01-15,2024-01-15T08:03:00Z
897,PushEvent,dependabot[bot],dependabot[bot]/project-02,0,2024-01-15,2024-01-15T13:36:00Z
898,PushEvent,dependabot[bot],dependabot[bot]/project-02,0,2024-01-15,2024-01-15T01:10:00Z
899,PushEvent,dependabot[bot],dependabot[bot]/project-02,0,2024-01-15,2024-01-15T08:55:00Z
900,PushEvent,dependabot[bot],dependabot[bot]/project-02,0,2024-01-15,2024-01-15T02:58:00Z
901,PushEvent,dependabot[bot],dependabot[bot]/project-02,0,2024-01-15,2024-01-15T08:02:00Z
902,PushEvent,dependabot[bot],dependabot[bot]/project-02,0,2024-01-15,2024-01-15T01:11:00Z
903,PushEvent,dependabot[bot],dependabot[bot]/project-02,0,2024-01-15,2024-01-15T09:08:00Z
904,PushEvent,dependabot[bot],dependabot[bot]/project-02,0,2024-01-15,2024-01-15T14:39:00Z
905,PushEvent,dependabot[bot],dependabot[bot]/project-02,0,2024-01-15,2024-01-15T04:10:00Z
906,PushEvent,dependabot[bot],dependabot[bot]/project-02,0,2024-01-15,2024-01-15T01:23:00Z
907,PushEvent,dependabot[bot],dependabot[bot]/project-02,0,2024-01-15,2024-01-15T14:37:00Z
908,PushEvent,dependabot[bot],dependabot[bot]/project-02,0,2024-01-15,2024-01-15T07:58:00Z
909,PushEvent,dependabot[bot],dependabot[bot]/project-02,0,2024-01-15,2024-01-15T04:47:00Z
910,PushEvent,dependabot[bot],dependabot[bot]/project-02,0,2024-01-15,2024-01-15T17:05:00Z
911,PushEvent,dependabot[bot],dependabot[bot]/project-02,0,2024-01-15,2024-01-15T04:59:00Z
912,PushEvent,dependabot[bot],dependabot[bot]/project-02,0,2024-01-15,2024-01-15T15:12:00Z
913,PushEvent,dependabot[bot],dependabot[bot]/project-02,0,2024-01-15,2024-01-15T04:12:00Z
914,PushEvent,dependabot[bot],dependabot[bot]/project-02,0,2024-01-15,2024-01-15T16:49:00Z
915,PushEvent,dependabot[bot],dependabot[bot]/project-02,0,2024-01-15,2024-01-15T07:44:00Z
916,PushEvent,dependabot[bot],dependabot[bot]/project-02,0,2024-01-15,2024-01-15T18:57:00Z
917,PushEvent,dependabot[bot],dependabot[bot]/project-02,0,2024-01-15,2024-01-15T02:55:00Z
918,PushEvent,dependabot[bot],dependabot[bot]/project-02,0,2024-01-15,2024-01-15T07:33:00Z
919,PushEvent,dependabot[bot],dependabot[bot]/project-02,0,2024-01-15,2024-01-15T07:26:00Z
920,PushEvent,dependabot[bot],dependabot[bot]/project-02,0,2024-01-15,2024-01-15T12:44:00Z
921,PushEvent,dependabot[bot],dependabot[bot]/project-02,0,2024-01-15,2024-01-15T00:05:00Z
922,PushEvent,dependabot[bot],dependabot[bot]/project-02,0,2024-01-15,2024-01-15T23:18:00Z
923,PushEvent,dependabot[bot],dependabot[bot]/project-02,0,2024-01-15,2024-01-15T15:39:00Z
924,PushEvent,dependabot[bot],dependabot[bot]/project-02,0,2024-01-15,2024-01-15T00:58:00Z
925,PushEvent,dependabot[bot],dependabot[bot]/project-02,0,2024-01-15,2024-01-15T15:40:00Z
926,PushEvent,dependabot[bot],dependabot[bot]/project-02,0,2024-01-15,2024-01-15T12:42:00Z
927,PushEvent,dependabot[bot],dependabot[bot]/project-02,0,2024-01-15,2024-01-15T12:24:00Z
928,PushEvent,dependabot[bot],dependabot[bot]/project-02,0,2024-01-15,2024-01-15T20:41:00Z
929,PushEvent,dependabot[bot],dependabot[bot]/project-02,0,2024-01-15,2024-01-15T03:26:00Z
930,PushEvent,dependabot[bot],dependabot[bot]/project-02,0,2024-01-15,2024-01-15T05:59:00Z
931,PushEvent,dependabot[bot],dependabot[bot]/project-02,0,2024-01-15,2024-01-15T06:04:00Z
932,PushEvent,dependabot[bot],dependabot[bot]/project-02,0,2024-01-15,2024-01-15T10:44:00Z
933,PushEvent,dependabot[bot],dependabot[bot]/project-02,0,2024-01-15,2024-01-15T18:30:00Z
934,PushEvent,dependabot[bot],dependabot[bot]/project-02,0,2024-01-15,2024-01-15T22:41:00Z
935,PushEvent,dependabot[bot],dependabot[bot]/project-02,0,2024-01-15,2024-01-15T09:31:00Z
936,PushEvent,dependabot[bot],dependabot[bot]/project-02,0,2024-01-15,2024-01-15T10:52:00Z
937,PushEvent,dependabot[bot],dependabot[bot]/project-02,0,2024-01-15,2024-01-15T06:30:00Z
938,PushEvent,dependabot[bot],dependabot[bot]/project-02,0,2024-01-15,2024-01-15T17:35:00Z
939,PushEvent,dependabot[bot],dependabot[bot]/project-02,0,2024-01-15,2024-01-15T01:13:00Z
940,PushEvent,dependabot[bot],dependabot[bot]/project-02,0,2024-01-15,2024-01-15T12:28:00Z
941,PushEvent,dependabot[bot],dependabot[bot]/project-02,0,2024-01-15,2024-01-15T11:38:00Z
942,PushEvent,dependabot[bot],dependabot[bot]/project-02,0,2024-01-15,2024-01-15T01:31:00Z
943,PushEvent,dependabot[bot],dependabot[bot]/project-02,0,2024-01-15,2024-01-15T12:45:00Z
944,PushEvent,dependabot[bot],dependabot[bot]/project-02,0,2024-01-15,2024-01-15T16:40:00Z
945,PushEvent,dependabot[bot],dependabot[bot]/project-02,0,2024-01-15,2024-01-15T16:39:00Z
946,PushEvent,dependabot[bot],dependabot[bot]/project-02,0,2024-01-15,2024-01-15T01:59:00Z
947,PushEvent,dependabot[bot],dependabot[bot]/project-02,0,2024-01-15,2024-01-15T23:44:00Z
948,PushEvent,dependabot[bot],dependabot[bot]/project-02,0,2024-01-15,2024-01-15T02:47:00Z
949,PushEvent,dependabot[bot],dependabot[bot]/project-02,0,2024-01-15,2024-01-15T05:18:00Z
950,PushEvent,dependabot[bot],dependabot[bot]/project-02,0,2024-01-15,2024-01-15T06:09:00Z
951,PushEvent,dependabot[bot],dependabot[bot]/project-02,0,2024-01-15,2024-01-15T08:31:00Z
952,PullRequestEvent,dependabot[bot],dependabot[bot]/project-02,0,2024-01-15,2024-01-15T14:29:00Z
953,PullRequestEvent,dependabot[bot],dependabot[bot]/project-02,0,2024-01-15,2024-01-15T04:28:00Z
954,PullRequestEvent,dependabot[bot],dependabot[bot]/project-02,0,2024-01-15,2024-01-15T21:03:00Z
955,IssuesEvent,dependabot[bot],dependabot[bot]/project-02,0,2024-01-15,2024-01-15T03:49:00Z
956,IssuesEvent,dependabot[bot],dependabot[bot]/project-02,0,2024-01-15,2024-01-15T03:26:00Z
957,IssuesEvent,dependabot[bot],dependabot[bot]/project-02,0,2024-01-15,2024-01-15T16:11:00Z
958,IssuesEvent,dependabot[bot],dependabot[bot]/project-02,0,2024-01-15,2024-01-15T21:16:00Z
959,PushEvent,dependabot[bot],dependabot[bot]/project-03,0,2024-01-15,2024-01-15T21:00:00Z
960,PushEvent,dependabot[bot],dependabot[bot]/project-03,0,2024-01-15,2024-01-15T21:25:00Z
961,PushEvent,dependabot[bot],dependabot[bot]/project-03,0,2024-01-15,2024-01-15T23:58:00Z
962,PushEvent,dependabot[bot],dependabot[bot]/project-03,0,2024-01-15,2024-01-15T17:49:00Z
963,PushEvent,dependabot[bot],dependabot[bot]/project-03,0,2024-01-15,2024-01-15T13:46:00Z
964,PushEvent,dependabot[bot],dependabot[bot]/project-03,0,2024-01-15,2024-01-15T11:35:00Z
965,PushEvent,dependabot[bot],dependabot[bot]/project-03,0,2024-01-15,2024-01-15T02:51:00Z
966,PushEvent,dependabot[bot],dependabot[bot]/project-03,0,2024-01-15,2024-01-15T11:06:00Z
967,PushEvent,dependabot[bot],dependabot[bot]/project-03,0,2024-01-15,2024-01-15T10:32:00Z
968,PushEvent,dependabot[bot],dependabot[bot]/project-03,0,2024-01-15,2024-01-15T05:46:00Z
969,PushEvent,dependabot[bot],dependabot[bot]/project-03,0,2024-01-15,2024-01-15T14:31:00Z
970,PushEvent,dependabot[bot],dependabot[bot]/project-03,0,2024-01-15,2024-01-15T18:10:00Z
971,PushEvent,dependabot[bot],dependabot[bot]/project-03,0,2024-01-15,2024-01-15T22:25:00Z
972,PushEvent,dependabot[bot],dependabot[bot]/project-03,0,2024-01-15,2024-01-15T01:45:00Z
973,PushEvent,dependabot[bot],dependabot[bot]/project-03,0,2024-01-15,2024-01-15T01:28:00Z
974,PushEvent,dependabot[bot],dependabot[bot]/project-03,0,2024-01-15,2024-01-15T03:16:00Z
975,PushEvent,dependabot[bot],dependabot[bot]/project-03,0,2024-01-15,2024-01-15T02:12:00Z
976,PushEvent,dependabot[bot],dependabot[bot]/project-03,0,2024-01-15,2024-01-15T08:38:00Z
977,PushEvent,dependabot[bot],dependabot[bot]/project-03,0,2024-01-15,2024-01-15T14:54:00Z
978,PushEvent,dependabot[bot],dependabot[bot]/project-03,0,2024-01-15,2024-01-15T10:51:00Z
979,PushEvent,dependabot[bot],dependabot[bot]/project-03,0,2024-01-15,2024-01-15T01:46:00Z
980,PushEvent,dependabot[bot],dependabot[bot]/project-03,0,2024-01-15,2024-01-15T13:19:00Z
981,PushEvent,dependabot[bot],dependabot[bot]/project-03,0,2024-01-15,2024-01-15T21:10:00Z
982,PushEvent,dependabot[bot],dependabot[bot]/project-03,0,2024-01-15,2024-01-15T02:16:00Z
983,PushEvent,dependabot[bot],dependabot[bot]/project-03,0,2024-01-15,2024-01-15T11:55:00Z
984,PushEvent,dependabot[bot],dependabot[bot]/project-03,0,2024-01-15,2024-01-15T20:46:00Z
985,PushEvent,dependabot[bot],dependabot[bot]/project-03,0,2024-01-15,2024-01-15T15:36:00Z
986,PushEvent,dependabot[bot],dependabot[bot]/project-03,0,2024-01-15,2024-01-15T19:05:00Z
987,PushEvent,dependabot[bot],dependabot[bot]/project-03,0,2024-01-15,2024-01-15T18:56:00Z
988,PushEvent,dependabot[bot],dependabot[bot]/project-03,0,2024-01-15,2024-01-15T04:02:00Z
989,PushEvent,dependabot[bot],dependabot[bot]/project-03,0,2024-01-15,2024-01-15T00:57:00Z
990,PushEvent,dependabot[bot],dependabot[bot]/project-03,0,2024-01-15,2024-01-15T05:14:00Z
991,PushEvent,dependabot[bot],dependabot[bot]/project-03,0,2024-01-15,2024-01-15T01:34:00Z
992,PushEvent,dependabot[bot],dependabot[bot]/project-03,0,2024-01-15,2024-01-15T16:24:00Z
993,PushEvent,dependabot[bot],dependabot[bot]/project-03,0,2024-01-15,2024-01-15T23:11:00Z
994,PushEvent,dependabot[bot],dependabot[bot]/project-03,0,2024-01-15,2024-01-15T17:14:00Z
995,PushEvent,dependabot[bot],dependabot[bot]/project-03,0,2024-01-15,2024-01-15T11:15:00Z
996,PushEvent,dependabot[bot],dependabot[bot]/project-03,0,2024-01-15,2024-01-15T07:59:00Z
997,PushEvent,dependabot[bot],dependabot[bot]/project-03,0,2024-01-15,2024-01-15T13:24:00Z
998,PullRequestEvent,dependabot[bot],dependabot[bot]/project-03,0,2024-01-15,2024-01-15T20:07:00Z
999,PullRequestEvent,dependabot[bot],dependabot[bot]/project-03,0,2024-01-15,2024-01-15T14:26:00Z
1000,IssuesEvent,dependabot[bot],dependabot[bot]/project-03,0,2024-01-15,2024-01-15T17:51:00Z
1001,IssuesEvent,dependabot[bot],dependabot[bot]/project-03,0,2024-01-15,2024-01-15T06:02:00Z
1002,IssuesEvent,dependabot[bot],dependabot[bot]/project-03,0,2024-01-15,2024-01-15T11:52:00Z
1003,IssuesEvent,dependabot[bot],dependabot[bot]/project-03,0,2024-01-15,2024-01-15T23:59:00Z
1004,IssuesEvent,dependabot[bot],dependabot[bot]/project-03,0,2024-01-15,2024-01-15T02:19:00Z
1005,IssuesEvent,dependabot[bot],dependabot[bot]/project-03,0,2024-01-15,2024-01-15T13:14:00Z
1006,PushEvent,frank-ops,frank-ops/project-01,tech-corp,2024-01-15,2024-01-15T13:06:00Z
1007,PushEvent,frank-ops,frank-ops/project-01,tech-corp,2024-01-15,2024-01-15T16:43:00Z
1008,PushEvent,frank-ops,frank-ops/project-01,tech-corp,2024-01-15,2024-01-15T19:35:00Z
1009,PushEvent,frank-ops,frank-ops/project-01,tech-corp,2024-01-15,2024-01-15T08:37:00Z
1010,PushEvent,frank-ops,frank-ops/project-01,tech-corp,2024-01-15,2024-01-15T15:56:00Z
1011,PushEvent,frank-ops,frank-ops/project-01,tech-corp,2024-01-15,2024-01-15T21:53:00Z
1012,PushEvent,frank-ops,frank-ops/project-01,tech-corp,2024-01-15,2024-01-15T20:52:00Z
1013,PushEvent,frank-ops,frank-ops/project-01,tech-corp,2024-01-15,2024-01-15T01:23:00Z
1014,PushEvent,frank-ops,frank-ops/project-01,tech-corp,2024-01-15,2024-01-15T07:10:00Z
1015,PushEvent,frank-ops,frank-ops/project-01,tech-corp,2024-01-15,2024-01-15T12:16:00Z
1016,PushEvent,frank-ops,frank-ops/project-01,tech-corp,2024-01-15,2024-01-15T07:20:00Z
1017,PushEvent,frank-ops,frank-ops/project-01,tech-corp,2024-01-15,2024-01-15T17:29:00Z
1018,PushEvent,frank-ops,frank-ops/project-01,tech-corp,2024-01-15,2024-01-15T17:45:00Z
1019,PushEvent,frank-ops,frank-ops/project-01,tech-corp,2024-01-15,2024-01-15T14:30:00Z
1020,PushEvent,frank-ops,frank-ops/project-01,tech-corp,2024-01-15,2024-01-15T05:31:00Z
1021,PushEvent,frank-ops,frank-ops/project-01,tech-corp,2024-01-15,2024-01-15T10:44:00Z
1022,PushEvent,frank-ops,frank-ops/project-01,tech-corp,2024-01-15,2024-01-15T00:59:00Z
1023,PushEvent,frank-ops,frank-ops/project-01,tech-corp,2024-01-15,2024-01-15T05:40:00Z
1024,PushEvent,frank-ops,frank-ops/project-01,tech-corp,2024-01-15,2024-01-15T07:10:00Z
1025,PushEvent,frank-ops,frank-ops/project-01,tech-corp,2024-01-15,2024-01-15T21:50:00Z
1026,PushEvent,frank-ops,frank-ops/project-01,tech-corp,2024-01-15,2024-01-15T23:40:00Z
1027,PushEvent,frank-ops,frank-ops/project-01,tech-corp,2024-01-15,2024-01-15T16:11:00Z
1028,PushEvent,frank-ops,frank-ops/project-01,tech-corp,2024-01-15,2024-01-15T13:31:00Z
1029,PushEvent,frank-ops,frank-ops/project-01,tech-corp,2024-01-15,2024-01-15T14:15:00Z
1030,PushEvent,frank-ops,frank-ops/project-01,tech-corp,2024-01-15,2024-01-15T21:21:00Z
1031,PushEvent,frank-ops,frank-ops/project-01,tech-corp,2024-01-15,2024-01-15T19:32:00Z
1032,PushEvent,frank-ops,frank-ops/project-01,tech-corp,2024-01-15,2024-01-15T09:39:00Z
1033,PushEvent,frank-ops,frank-ops/project-01,tech-corp,2024-01-15,2024-01-15T17:59:00Z
1034,PushEvent,frank-ops,frank-ops/project-01,tech-corp,2024-01-15,2024-01-15T00:01:00Z
1035,PushEvent,frank-ops,frank-ops/project-01,tech-corp,2024-01-15,2024-01-15T00:32:00Z
1036,PushEvent,frank-ops,frank-ops/project-01,tech-corp,2024-01-15,2024-01-15T08:12:00Z
1037,PushEvent,frank-ops,frank-ops/project-01,tech-corp,2024-01-15,2024-01-15T00:12:00Z
1038,PushEvent,frank-ops,frank-ops/project-01,tech-corp,2024-01-15,2024-01-15T19:25:00Z
1039,PushEvent,frank-ops,frank-ops/project-01,tech-corp,2024-01-15,2024-01-15T21:38:00Z
1040,PushEvent,frank-ops,frank-ops/project-01,tech-corp,2024-01-15,2024-01-15T01:37:00Z
1041,PushEvent,frank-ops,frank-ops/project-01,tech-corp,2024-01-15,2024-01-15T06:25:00Z
1042,PushEvent,frank-ops,frank-ops/project-01,tech-corp,2024-01-15,2024-01-15T13:57:00Z
1043,PushEvent,frank-ops,frank-ops/project-01,tech-corp,2024-01-15,2024-01-15T17:14:00Z
1044,PushEvent,frank-ops,frank-ops/project-01,tech-corp,2024-01-15,2024-01-15T01:41:00Z
1045,PushEvent,frank-ops,frank-ops/project-01,tech-corp,2024-01-15,2024-01-15T22:43:00Z
1046,PushEvent,frank-ops,frank-ops/project-01,tech-corp,2024-01-15,2024-01-15T16:39:00Z
1047,PushEvent,frank-ops,frank-ops/project-01,tech-corp,2024-01-15,2024-01-15T10:02:00Z
1048,PushEvent,frank-ops,frank-ops/project-01,tech-corp,2024-01-15,2024-01-15T05:08:00Z
1049,PushEvent,frank-ops,frank-ops/project-01,tech-corp,2024-01-15,2024-01-15T05:08:00Z
1050,PushEvent,frank-ops,frank-ops/project-01,tech-corp,2024-01-15,2024-01-15T06:30:00Z
1051,PushEvent,frank-ops,frank-ops/project-01,tech-corp,2024-01-15,2024-01-15T08:49:00Z
1052,PushEvent,frank-ops,frank-ops/project-01,tech-corp,2024-01-15,2024-01-15T11:07:00Z
1053,PushEvent,frank-ops,frank-ops/project-01,tech-corp,2024-01-15,2024-01-15T07:49:00Z
1054,PushEvent,frank-ops,frank-ops/project-01,tech-corp,2024-01-15,2024-01-15T19:46:00Z
1055,PushEvent,frank-ops,frank-ops/project-01,tech-corp,2024-01-15,2024-01-15T06:10:00Z
1056,PushEvent,frank-ops,frank-ops/project-01,tech-corp,2024-01-15,2024-01-15T19:15:00Z
1057,PushEvent,frank-ops,frank-ops/project-01,tech-corp,2024-01-15,2024-01-15T03:05:00Z
1058,PushEvent,frank-ops,frank-ops/project-01,tech-corp,2024-01-15,2024-01-15T21:25:00Z
1059,PushEvent,frank-ops,frank-ops/project-01,tech-corp,2024-01-15,2024-01-15T02:40:00Z
1060,PushEvent,frank-ops,frank-ops/project-01,tech-corp,2024-01-15,2024-01-15T09:13:00Z
1061,PushEvent,frank-ops,frank-ops/project-01,tech-corp,2024-01-15,2024-01-15T10:17:00Z
1062,PushEvent,frank-ops,frank-ops/project-01,tech-corp,2024-01-15,2024-01-15T21:11:00Z
1063,PushEvent,frank-ops,frank-ops/project-01,tech-corp,2024-01-15,2024-01-15T22:11:00Z
1064,PushEvent,frank-ops,frank-ops/project-01,tech-corp,2024-01-15,2024-01-15T12:24:00Z
1065,PullRequestEvent,frank-ops,frank-ops/project-01,tech-corp,2024-01-15,2024-01-15T18:54:00Z
1066,PullRequestEvent,frank-ops,frank-ops/project-01,tech-corp,2024-01-15,2024-01-15T13:35:00Z
1067,PullRequestEvent,frank-ops,frank-ops/project-01,tech-corp,2024-01-15,2024-01-15T12:07:00Z
1068,PullRequestEvent,frank-ops,frank-ops/project-01,tech-corp,2024-01-15,2024-01-15T22:52:00Z
1069,IssuesEvent,frank-ops,frank-ops/project-01,tech-corp,2024-01-15,2024-01-15T11:17:00Z
1070,IssuesEvent,frank-ops,frank-ops/project-01,tech-corp,2024-01-15,2024-01-15T05:17:00Z
1071,IssuesEvent,frank-ops,frank-ops/project-01,tech-corp,2024-01-15,2024-01-15T18:21:00Z
1072,PushEvent,frank-ops,frank-ops/project-02,tech-corp,2024-01-15,2024-01-15T23:40:00Z
1073,PushEvent,frank-ops,frank-ops/project-02,tech-corp,2024-01-15,2024-01-15T02:27:00Z
1074,PushEvent,frank-ops,frank-ops/project-02,tech-corp,2024-01-15,2024-01-15T09:50:00Z
1075,PushEvent,frank-ops,frank-ops/project-02,tech-corp,2024-01-15,2024-01-15T02:28:00Z
1076,PushEvent,frank-ops,frank-ops/project-02,tech-corp,2024-01-15,2024-01-15T21:14:00Z
1077,PushEvent,frank-ops,frank-ops/project-02,tech-corp,2024-01-15,2024-01-15T00:06:00Z
1078,PushEvent,frank-ops,frank-ops/project-02,tech-corp,2024-01-15,2024-01-15T11:48:00Z
1079,PushEvent,frank-ops,frank-ops/project-02,tech-corp,2024-01-15,2024-01-15T20:30:00Z
1080,PushEvent,frank-ops,frank-ops/project-02,tech-corp,2024-01-15,2024-01-15T23:19:00Z
1081,PushEvent,frank-ops,frank-ops/project-02,tech-corp,2024-01-15,2024-01-15T04:03:00Z
1082,PushEvent,frank-ops,frank-ops/project-02,tech-corp,2024-01-15,2024-01-15T11:19:00Z
1083,PushEvent,frank-ops,frank-ops/project-02,tech-corp,2024-01-15,2024-01-15T23:49:00Z
1084,PushEvent,frank-ops,frank-ops/project-02,tech-corp,2024-01-15,2024-01-15T16:50:00Z
1085,PushEvent,frank-ops,frank-ops/project-02,tech-corp,2024-01-15,2024-01-15T08:35:00Z
1086,PushEvent,frank-ops,frank-ops/project-02,tech-corp,2024-01-15,2024-01-15T20:33:00Z
1087,PushEvent,frank-ops,frank-ops/project-02,tech-corp,2024-01-15,2024-01-15T03:01:00Z
1088,PushEvent,frank-ops,frank-ops/project-02,tech-corp,2024-01-15,2024-01-15T14:33:00Z
1089,PushEvent,frank-ops,frank-ops/project-02,tech-corp,2024-01-15,2024-01-15T03:05:00Z
1090,PushEvent,frank-ops,frank-ops/project-02,tech-corp,2024-01-15,2024-01-15T06:41:00Z
1091,PushEvent,frank-ops,frank-ops/project-02,tech-corp,2024-01-15,2024-01-15T18:50:00Z
1092,PushEvent,frank-ops,frank-ops/project-02,tech-corp,2024-01-15,2024-01-15T21:11:00Z
1093,PushEvent,frank-ops,frank-ops/project-02,tech-corp,2024-01-15,2024-01-15T02:44:00Z
1094,PushEvent,frank-ops,frank-ops/project-02,tech-corp,2024-01-15,2024-01-15T17:39:00Z
1095,PushEvent,frank-ops,frank-ops/project-02,tech-corp,2024-01-15,2024-01-15T20:14:00Z
1096,PushEvent,frank-ops,frank-ops/project-02,tech-corp,2024-01-15,2024-01-15T00:34:00Z
1097,PushEvent,frank-ops,frank-ops/project-02,tech-corp,2024-01-15,2024-01-15T07:35:00Z
1098,PushEvent,frank-ops,frank-ops/project-02,tech-corp,2024-01-15,2024-01-15T15:29:00Z
1099,PushEvent,frank-ops,frank-ops/project-02,tech-corp,2024-01-15,2024-01-15T22:41:00Z
1100,PushEvent,frank-ops,frank-ops/project-02,tech-corp,2024-01-15,2024-01-15T11:13:00Z
1101,PushEvent,frank-ops,frank-ops/project-02,tech-corp,2024-01-15,2024-01-15T13:01:00Z
1102,PushEvent,frank-ops,frank-ops/project-02,tech-corp,2024-01-15,2024-01-15T22:36:00Z
1103,PushEvent,frank-ops,frank-ops/project-02,tech-corp,2024-01-15,2024-01-15T04:37:00Z
1104,PushEvent,frank-ops,frank-ops/project-02,tech-corp,2024-01-15,2024-01-15T12:40:00Z
1105,PushEvent,frank-ops,frank-ops/project-02,tech-corp,2024-01-15,2024-01-15T21:59:00Z
1106,PushEvent,frank-ops,frank-ops/project-02,tech-corp,2024-01-15,2024-01-15T14:13:00Z
1107,PushEvent,frank-ops,frank-ops/project-02,tech-corp,2024-01-15,2024-01-15T23:38:00Z
1108,PushEvent,frank-ops,frank-ops/project-02,tech-corp,2024-01-15,2024-01-15T19:01:00Z
1109,PushEvent,frank-ops,frank-ops/project-02,tech-corp,2024-01-15,2024-01-15T06:05:00Z
1110,PushEvent,frank-ops,frank-ops/project-02,tech-corp,2024-01-15,2024-01-15T16:58:00Z
1111,PushEvent,frank-ops,frank-ops/project-02,tech-corp,2024-01-15,2024-01-15T01:34:00Z
1112,PushEvent,frank-ops,frank-ops/project-02,tech-corp,2024-01-15,2024-01-15T04:04:00Z
1113,PushEvent,frank-ops,frank-ops/project-02,tech-corp,2024-01-15,2024-01-15T00:39:00Z
1114,PushEvent,frank-ops,frank-ops/project-02,tech-corp,2024-01-15,2024-01-15T11:55:00Z
1115,PushEvent,frank-ops,frank-ops/project-02,tech-corp,2024-01-15,2024-01-15T03:44:00Z
1116,PushEvent,frank-ops,frank-ops/project-02,tech-corp,2024-01-15,2024-01-15T22:46:00Z
1117,PushEvent,frank-ops,frank-ops/project-02,tech-corp,2024-01-15,2024-01-15T10:09:00Z
1118,PushEvent,frank-ops,frank-ops/project-02,tech-corp,2024-01-15,2024-01-15T02:53:00Z
1119,PushEvent,frank-ops,frank-ops/project-02,tech-corp,2024-01-15,2024-01-15T13:15:00Z
1120,PushEvent,frank-ops,frank-ops/project-02,tech-corp,2024-01-15,2024-01-15T09:28:00Z
1121,PushEvent,frank-ops,frank-ops/project-02,tech-corp,2024-01-15,2024-01-15T09:11:00Z
1122,PushEvent,frank-ops,frank-ops/project-02,tech-corp,2024-01-15,2024-01-15T08:00:00Z
1123,PushEvent,frank-ops,frank-ops/project-02,tech-corp,2024-01-15,2024-01-15T04:19:00Z
1124,PushEvent,frank-ops,frank-ops/project-02,tech-corp,2024-01-15,2024-01-15T07:42:00Z
1125,PushEvent,frank-ops,frank-ops/project-02,tech-corp,2024-01-15,2024-01-15T11:00:00Z
1126,PushEvent,frank-ops,frank-ops/project-02,tech-corp,2024-01-15,2024-01-15T21:19:00Z
1127,PushEvent,frank-ops,frank-ops/project-02,tech-corp,2024-01-15,2024-01-15T10:36:00Z
1128,PushEvent,frank-ops,frank-ops/project-02,tech-corp,2024-01-15,2024-01-15T14:36:00Z
1129,PushEvent,frank-ops,frank-ops/project-02,tech-corp,2024-01-15,2024-01-15T11:36:00Z
1130,PushEvent,frank-ops,frank-ops/project-02,tech-corp,2024-01-15,2024-01-15T16:48:00Z
1131,PushEvent,frank-ops,frank-ops/project-02,tech-corp,2024-01-15,2024-01-15T23:43:00Z
1132,PushEvent,frank-ops,frank-ops/project-02,tech-corp,2024-01-15,2024-01-15T23:27:00Z
1133,PushEvent,frank-ops,frank-ops/project-02,tech-corp,2024-01-15,2024-01-15T14:14:00Z
1134,PushEvent,frank-ops,frank-ops/project-02,tech-corp,2024-01-15,2024-01-15T05:43:00Z
1135,PushEvent,frank-ops,frank-ops/project-02,tech-corp,2024-01-15,2024-01-15T19:49:00Z
1136,PushEvent,frank-ops,frank-ops/project-02,tech-corp,2024-01-15,2024-01-15T13:01:00Z
1137,PushEvent,frank-ops,frank-ops/project-02,tech-corp,2024-01-15,2024-01-15T08:36:00Z
1138,PullRequestEvent,frank-ops,frank-ops/project-02,tech-corp,2024-01-15,2024-01-15T00:54:00Z
1139,PullRequestEvent,frank-ops,frank-ops/project-02,tech-corp,2024-01-15,2024-01-15T02:05:00Z
1140,PullRequestEvent,frank-ops,frank-ops/project-02,tech-corp,2024-01-15,2024-01-15T04:52:00Z
1141,PullRequestEvent,frank-ops,frank-ops/project-02,tech-corp,2024-01-15,2024-01-15T04:32:00Z
1142,PullRequestEvent,frank-ops,frank-ops/project-02,tech-corp,2024-01-15,2024-01-15T16:50:00Z
1143,IssuesEvent,frank-ops,frank-ops/project-02,tech-corp,2024-01-15,2024-01-15T11:41:00Z
1144,IssuesEvent,frank-ops,frank-ops/project-02,tech-corp,2024-01-15,2024-01-15T19:52:00Z
1145,IssuesEvent,frank-ops,frank-ops/project-02,tech-corp,2024-01-15,2024-01-15T17:23:00Z
1146,IssuesEvent,frank-ops,frank-ops/project-02,tech-corp,2024-01-15,2024-01-15T10:33:00Z
1147,IssuesEvent,frank-ops,frank-ops/project-02,tech-corp,2024-01-15,2024-01-15T17:28:00Z
1148,IssuesEvent,frank-ops,frank-ops/project-02,tech-corp,2024-01-15,2024-01-15T06:30:00Z
1149,PushEvent,frank-ops,frank-ops/project-03,tech-corp,2024-01-15,2024-01-15T14:42:00Z
1150,PushEvent,frank-ops,frank-ops/project-03,tech-corp,2024-01-15,2024-01-15T17:22:00Z
1151,PushEvent,frank-ops,frank-ops/project-03,tech-corp,2024-01-15,2024-01-15T11:37:00Z
1152,PushEvent,frank-ops,frank-ops/project-03,tech-corp,2024-01-15,2024-01-15T19:22:00Z
1153,PushEvent,frank-ops,frank-ops/project-03,tech-corp,2024-01-15,2024-01-15T12:51:00Z
1154,PushEvent,frank-ops,frank-ops/project-03,tech-corp,2024-01-15,2024-01-15T15:49:00Z
1155,PushEvent,frank-ops,frank-ops/project-03,tech-corp,2024-01-15,2024-01-15T09:59:00Z
1156,PushEvent,frank-ops,frank-ops/project-03,tech-corp,2024-01-15,2024-01-15T22:07:00Z
1157,PushEvent,frank-ops,frank-ops/project-03,tech-corp,2024-01-15,2024-01-15T17:20:00Z
1158,PushEvent,frank-ops,frank-ops/project-03,tech-corp,2024-01-15,2024-01-15T00:54:00Z
1159,PushEvent,frank-ops,frank-ops/project-03,tech-corp,2024-01-15,2024-01-15T07:28:00Z
1160,PushEvent,frank-ops,frank-ops/project-03,tech-corp,2024-01-15,2024-01-15T05:04:00Z
1161,PushEvent,frank-ops,frank-ops/project-03,tech-corp,2024-01-15,2024-01-15T14:21:00Z
1162,PushEvent,frank-ops,frank-ops/project-03,tech-corp,2024-01-15,2024-01-15T14:33:00Z
1163,PushEvent,frank-ops,frank-ops/project-03,tech-corp,2024-01-15,2024-01-15T00:54:00Z
1164,PushEvent,frank-ops,frank-ops/project-03,tech-corp,2024-01-15,2024-01-15T22:25:00Z
1165,PushEvent,frank-ops,frank-ops/project-03,tech-corp,2024-01-15,2024-01-15T10:09:00Z
1166,PushEvent,frank-ops,frank-ops/project-03,tech-corp,2024-01-15,2024-01-15T17:17:00Z
1167,PushEvent,frank-ops,frank-ops/project-03,tech-corp,2024-01-15,2024-01-15T16:25:00Z
1168,PushEvent,frank-ops,frank-ops/project-03,tech-corp,2024-01-15,2024-01-15T07:46:00Z
1169,PushEvent,frank-ops,frank-ops/project-03,tech-corp,2024-01-15,2024-01-15T07:48:00Z
1170,PushEvent,frank-ops,frank-ops/project-03,tech-corp,2024-01-15,2024-01-15T11:26:00Z
1171,PushEvent,frank-ops,frank-ops/project-03,tech-corp,2024-01-15,2024-01-15T07:24:00Z
1172,PushEvent,frank-ops,frank-ops/project-03,tech-corp,2024-01-15,2024-01-15T13:03:00Z
1173,PushEvent,frank-ops,frank-ops/project-03,tech-corp,2024-01-15,2024-01-15T00:00:00Z
1174,PushEvent,frank-ops,frank-ops/project-03,tech-corp,2024-01-15,2024-01-15T18:30:00Z
1175,PushEvent,frank-ops,frank-ops/project-03,tech-corp,2024-01-15,2024-01-15T15:13:00Z
1176,PushEvent,frank-ops,frank-ops/project-03,tech-corp,2024-01-15,2024-01-15T20:47:00Z
1177,PushEvent,frank-ops,frank-ops/project-03,tech-corp,2024-01-15,2024-01-15T04:40:00Z
1178,PushEvent,frank-ops,frank-ops/project-03,tech-corp,2024-01-15,2024-01-15T01:49:00Z
1179,PushEvent,frank-ops,frank-ops/project-03,tech-corp,2024-01-15,2024-01-15T05:08:00Z
1180,PushEvent,frank-ops,frank-ops/project-03,tech-corp,2024-01-15,2024-01-15T00:40:00Z
1181,PushEvent,frank-ops,frank-ops/project-03,tech-corp,2024-01-15,2024-01-15T15:12:00Z
1182,PushEvent,frank-ops,frank-ops/project-03,tech-corp,2024-01-15,2024-01-15T08:52:00Z
1183,PushEvent,frank-ops,frank-ops/project-03,tech-corp,2024-01-15,2024-01-15T12:30:00Z
1184,PushEvent,frank-ops,frank-ops/project-03,tech-corp,2024-01-15,2024-01-15T08:10:00Z
1185,PushEvent,frank-ops,frank-ops/project-03,tech-corp,2024-01-15,2024-01-15T03:33:00Z
1186,PushEvent,frank-ops,frank-ops/project-03,tech-corp,2024-01-15,2024-01-15T05:45:00Z
1187,PushEvent,frank-ops,frank-ops/project-03,tech-corp,2024-01-15,2024-01-15T03:37:00Z
1188,PushEvent,frank-ops,frank-ops/project-03,tech-corp,2024-01-15,2024-01-15T18:05:00Z
1189,PushEvent,frank-ops,frank-ops/project-03,tech-corp,2024-01-15,2024-01-15T01:17:00Z
1190,PushEvent,frank-ops,frank-ops/project-03,tech-corp,2024-01-15,2024-01-15T12:40:00Z
1191,PushEvent,frank-ops,frank-ops/project-03,tech-corp,2024-01-15,2024-01-15T22:18:00Z
1192,PushEvent,frank-ops,frank-ops/project-03,tech-corp,2024-01-15,2024-01-15T12:10:00Z
1193,PushEvent,frank-ops,frank-ops/project-03,tech-corp,2024-01-15,2024-01-15T00:23:00Z
1194,PushEvent,frank-ops,frank-ops/project-03,tech-corp,2024-01-15,2024-01-15T21:06:00Z
1195,PushEvent,frank-ops,frank-ops/project-03,tech-corp,2024-01-15,2024-01-15T20:14:00Z
1196,PushEvent,frank-ops,frank-ops/project-03,tech-corp,2024-01-15,2024-01-15T00:11:00Z
1197,PushEvent,frank-ops,frank-ops/project-03,tech-corp,2024-01-15,2024-01-15T06:14:00Z
1198,PushEvent,frank-ops,frank-ops/project-03,tech-corp,2024-01-15,2024-01-15T20:18:00Z
1199,PushEvent,frank-ops,frank-ops/project-03,tech-corp,2024-01-15,2024-01-15T00:48:00Z
1200,PushEvent,frank-ops,frank-ops/project-03,tech-corp,2024-01-15,2024-01-15T16:34:00Z
1201,PushEvent,frank-ops,frank-ops/project-03,tech-corp,2024-01-15,2024-01-15T11:37:00Z
1202,PushEvent,frank-ops,frank-ops/project-03,tech-corp,2024-01-15,2024-01-15T10:34:00Z
1203,PushEvent,frank-ops,frank-ops/project-03,tech-corp,2024-01-15,2024-01-15T07:45:00Z
1204,PushEvent,frank-ops,frank-ops/project-03,tech-corp,2024-01-15,2024-01-15T13:09:00Z
1205,PushEvent,frank-ops,frank-ops/project-03,tech-corp,2024-01-15,2024-01-15T01:45:00Z
1206,PushEvent,frank-ops,frank-ops/project-03,tech-corp,2024-01-15,2024-01-15T08:02:00Z
1207,PushEvent,frank-ops,frank-ops/project-03,tech-corp,2024-01-15,2024-01-15T20:25:00Z
1208,PushEvent,frank-ops,frank-ops/project-03,tech-corp,2024-01-15,2024-01-15T07:47:00Z
1209,PushEvent,frank-ops,frank-ops/project-03,tech-corp,2024-01-15,2024-01-15T01:05:00Z
1210,PushEvent,frank-ops,frank-ops/project-03,tech-corp,2024-01-15,2024-01-15T20:28:00Z
1211,PushEvent,frank-ops,frank-ops/project-03,tech-corp,2024-01-15,2024-01-15T11:04:00Z
1212,PushEvent,frank-ops,frank-ops/project-03,tech-corp,2024-01-15,2024-01-15T01:47:00Z
1213,PushEvent,frank-ops,frank-ops/project-03,tech-corp,2024-01-15,2024-01-15T04:14:00Z
1214,PushEvent,frank-ops,frank-ops/project-03,tech-corp,2024-01-15,2024-01-15T11:35:00Z
1215,PushEvent,frank-ops,frank-ops/project-03,tech-corp,2024-01-15,2024-01-15T14:42:00Z
1216,PushEvent,frank-ops,frank-ops/project-03,tech-corp,2024-01-15,2024-01-15T15:22:00Z
1217,PushEvent,frank-ops,frank-ops/project-03,tech-corp,2024-01-15,2024-01-15T05:45:00Z
1218,PushEvent,frank-ops,frank-ops/project-03,tech-corp,2024-01-15,2024-01-15T17:43:00Z
1219,PushEvent,frank-ops,frank-ops/project-03,tech-corp,2024-01-15,2024-01-15T10:44:00Z
1220,PushEvent,frank-ops,frank-ops/project-03,tech-corp,2024-01-15,2024-01-15T20:22:00Z
1221,PushEvent,frank-ops,frank-ops/project-03,tech-corp,2024-01-15,2024-01-15T10:54:00Z
1222,PushEvent,frank-ops,frank-ops/project-03,tech-corp,2024-01-15,2024-01-15T15:46:00Z
1223,PushEvent,frank-ops,frank-ops/project-03,tech-corp,2024-01-15,2024-01-15T20:59:00Z
1224,PushEvent,frank-ops,frank-ops/project-03,tech-corp,2024-01-15,2024-01-15T14:24:00Z
1225,PushEvent,frank-ops,frank-ops/project-03,tech-corp,2024-01-15,2024-01-15T03:10:00Z
1226,PushEvent,frank-ops,frank-ops/project-03,tech-corp,2024-01-15,2024-01-15T18:14:00Z
1227,PushEvent,frank-ops,frank-ops/project-03,tech-corp,2024-01-15,2024-01-15T03:20:00Z
1228,PushEvent,frank-ops,frank-ops/project-03,tech-corp,2024-01-15,2024-01-15T12:21:00Z
1229,PushEvent,frank-ops,frank-ops/project-03,tech-corp,2024-01-15,2024-01-15T18:33:00Z
1230,PushEvent,frank-ops,frank-ops/project-03,tech-corp,2024-01-15,2024-01-15T13:03:00Z
1231,PushEvent,frank-ops,frank-ops/project-03,tech-corp,2024-01-15,2024-01-15T15:52:00Z
1232,PushEvent,frank-ops,frank-ops/project-03,tech-corp,2024-01-15,2024-01-15T19:45:00Z
1233,PushEvent,frank-ops,frank-ops/project-03,tech-corp,2024-01-15,2024-01-15T14:27:00Z
1234,PullRequestEvent,frank-ops,frank-ops/project-03,tech-corp,2024-01-15,2024-01-15T07:15:00Z
1235,PullRequestEvent,frank-ops,frank-ops/project-03,tech-corp,2024-01-15,2024-01-15T09:35:00Z
1236,PullRequestEvent,frank-ops,frank-ops/project-03,tech-corp,2024-01-15,2024-01-15T17:01:00Z
1237,PullRequestEvent,frank-ops,frank-ops/project-03,tech-corp,2024-01-15,2024-01-15T16:12:00Z
1238,IssuesEvent,frank-ops,frank-ops/project-03,tech-corp,2024-01-15,2024-01-15T10:06:00Z
1239,IssuesEvent,frank-ops,frank-ops/project-03,tech-corp,2024-01-15,2024-01-15T11:09:00Z
1240,IssuesEvent,frank-ops,frank-ops/project-03,tech-corp,2024-01-15,2024-01-15T06:12:00Z
1241,IssuesEvent,frank-ops,frank-ops/project-03,tech-corp,2024-01-15,2024-01-15T06:55:00Z
1242,PushEvent,grace-ml,grace-ml/project-01,tech-corp,2024-01-15,2024-01-15T09:55:00Z
1243,PushEvent,grace-ml,grace-ml/project-01,tech-corp,2024-01-15,2024-01-15T03:19:00Z
1244,PushEvent,grace-ml,grace-ml/project-01,tech-corp,2024-01-15,2024-01-15T03:53:00Z
1245,PushEvent,grace-ml,grace-ml/project-01,tech-corp,2024-01-15,2024-01-15T06:53:00Z
1246,PushEvent,grace-ml,grace-ml/project-01,tech-corp,2024-01-15,2024-01-15T00:43:00Z
1247,PushEvent,grace-ml,grace-ml/project-01,tech-corp,2024-01-15,2024-01-15T23:44:00Z
1248,PushEvent,grace-ml,grace-ml/project-01,tech-corp,2024-01-15,2024-01-15T09:46:00Z
1249,PushEvent,grace-ml,grace-ml/project-01,tech-corp,2024-01-15,2024-01-15T12:54:00Z
1250,PushEvent,grace-ml,grace-ml/project-01,tech-corp,2024-01-15,2024-01-15T21:53:00Z
1251,PushEvent,grace-ml,grace-ml/project-01,tech-corp,2024-01-15,2024-01-15T20:21:00Z
1252,PushEvent,grace-ml,grace-ml/project-01,tech-corp,2024-01-15,2024-01-15T08:25:00Z
1253,PushEvent,grace-ml,grace-ml/project-01,tech-corp,2024-01-15,2024-01-15T08:14:00Z
1254,PushEvent,grace-ml,grace-ml/project-01,tech-corp,2024-01-15,2024-01-15T09:23:00Z
1255,PushEvent,grace-ml,grace-ml/project-01,tech-corp,2024-01-15,2024-01-15T09:07:00Z
1256,PushEvent,grace-ml,grace-ml/project-01,tech-corp,2024-01-15,2024-01-15T23:15:00Z
1257,PushEvent,grace-ml,grace-ml/project-01,tech-corp,2024-01-15,2024-01-15T16:25:00Z
1258,PushEvent,grace-ml,grace-ml/project-01,tech-corp,2024-01-15,2024-01-15T04:03:00Z
1259,PushEvent,grace-ml,grace-ml/project-01,tech-corp,2024-01-15,2024-01-15T17:23:00Z
1260,PushEvent,grace-ml,grace-ml/project-01,tech-corp,2024-01-15,2024-01-15T18:35:00Z
1261,PushEvent,grace-ml,grace-ml/project-01,tech-corp,2024-01-15,2024-01-15T06:09:00Z
1262,PushEvent,grace-ml,grace-ml/project-01,tech-corp,2024-01-15,2024-01-15T17:18:00Z
1263,PushEvent,grace-ml,grace-ml/project-01,tech-corp,2024-01-15,2024-01-15T03:09:00Z
1264,PushEvent,grace-ml,grace-ml/project-01,tech-corp,2024-01-15,2024-01-15T00:54:00Z
1265,PushEvent,grace-ml,grace-ml/project-01,tech-corp,2024-01-15,2024-01-15T17:04:00Z
1266,PushEvent,grace-ml,grace-ml/project-01,tech-corp,2024-01-15,2024-01-15T14:48:00Z
1267,PushEvent,grace-ml,grace-ml/project-01,tech-corp,2024-01-15,2024-01-15T02:43:00Z
1268,PushEvent,grace-ml,grace-ml/project-01,tech-corp,2024-01-15,2024-01-15T01:32:00Z
1269,PushEvent,grace-ml,grace-ml/project-01,tech-corp,2024-01-15,2024-01-15T22:20:00Z
1270,PushEvent,grace-ml,grace-ml/project-01,tech-corp,2024-01-15,2024-01-15T16:21:00Z
1271,PushEvent,grace-ml,grace-ml/project-01,tech-corp,2024-01-15,2024-01-15T15:36:00Z
1272,PushEvent,grace-ml,grace-ml/project-01,tech-corp,2024-01-15,2024-01-15T14:34:00Z
1273,PushEvent,grace-ml,grace-ml/project-01,tech-corp,2024-01-15,2024-01-15T06:31:00Z
1274,PushEvent,grace-ml,grace-ml/project-01,tech-corp,2024-01-15,2024-01-15T10:09:00Z
1275,PushEvent,grace-ml,grace-ml/project-01,tech-corp,2024-01-15,2024-01-15T08:13:00Z
1276,PushEvent,grace-ml,grace-ml/project-01,tech-corp,2024-01-15,2024-01-15T12:56:00Z
1277,PushEvent,grace-ml,grace-ml/project-01,tech-corp,2024-01-15,2024-01-15T01:34:00Z
1278,PushEvent,grace-ml,grace-ml/project-01,tech-corp,2024-01-15,2024-01-15T06:20:00Z
1279,PushEvent,grace-ml,grace-ml/project-01,tech-corp,2024-01-15,2024-01-15T17:02:00Z
1280,PushEvent,grace-ml,grace-ml/project-01,tech-corp,2024-01-15,2024-01-15T09:53:00Z
1281,PushEvent,grace-ml,grace-ml/project-01,tech-corp,2024-01-15,2024-01-15T06:40:00Z
1282,PushEvent,grace-ml,grace-ml/project-01,tech-corp,2024-01-15,2024-01-15T16:10:00Z
1283,PushEvent,grace-ml,grace-ml/project-01,tech-corp,2024-01-15,2024-01-15T06:23:00Z
1284,PushEvent,grace-ml,grace-ml/project-01,tech-corp,2024-01-15,2024-01-15T13:18:00Z
1285,PushEvent,grace-ml,grace-ml/project-01,tech-corp,2024-01-15,2024-01-15T03:25:00Z
1286,PushEvent,grace-ml,grace-ml/project-01,tech-corp,2024-01-15,2024-01-15T05:41:00Z
1287,PushEvent,grace-ml,grace-ml/project-01,tech-corp,2024-01-15,2024-01-15T06:44:00Z
1288,PushEvent,grace-ml,grace-ml/project-01,tech-corp,2024-01-15,2024-01-15T13:35:00Z
1289,PushEvent,grace-ml,grace-ml/project-01,tech-corp,2024-01-15,2024-01-15T07:36:00Z
1290,PushEvent,grace-ml,grace-ml/project-01,tech-corp,2024-01-15,2024-01-15T00:35:00Z
1291,PushEvent,grace-ml,grace-ml/project-01,tech-corp,2024-01-15,2024-01-15T02:08:00Z
1292,PushEvent,grace-ml,grace-ml/project-01,tech-corp,2024-01-15,2024-01-15T07:32:00Z
1293,PushEvent,grace-ml,grace-ml/project-01,tech-corp,2024-01-15,2024-01-15T05:40:00Z
1294,PushEvent,grace-ml,grace-ml/project-01,tech-corp,2024-01-15,2024-01-15T06:03:00Z
1295,PushEvent,grace-ml,grace-ml/project-01,tech-corp,2024-01-15,2024-01-15T12:48:00Z
1296,PushEvent,grace-ml,grace-ml/project-01,tech-corp,2024-01-15,2024-01-15T01:59:00Z
1297,PushEvent,grace-ml,grace-ml/project-01,tech-corp,2024-01-15,2024-01-15T04:43:00Z
1298,PushEvent,grace-ml,grace-ml/project-01,tech-corp,2024-01-15,2024-01-15T20:07:00Z
1299,PushEvent,grace-ml,grace-ml/project-01,tech-corp,2024-01-15,2024-01-15T05:07:00Z
1300,PushEvent,grace-ml,grace-ml/project-01,tech-corp,2024-01-15,2024-01-15T17:02:00Z
1301,PushEvent,grace-ml,grace-ml/project-01,tech-corp,2024-01-15,2024-01-15T21:43:00Z
1302,PushEvent,grace-ml,grace-ml/project-01,tech-corp,2024-01-15,2024-01-15T02:21:00Z
1303,PushEvent,grace-ml,grace-ml/project-01,tech-corp,2024-01-15,2024-01-15T05:01:00Z
1304,PushEvent,grace-ml,grace-ml/project-01,tech-corp,2024-01-15,2024-01-15T22:43:00Z
1305,PushEvent,grace-ml,grace-ml/project-01,tech-corp,2024-01-15,2024-01-15T01:37:00Z
1306,PushEvent,grace-ml,grace-ml/project-01,tech-corp,2024-01-15,2024-01-15T16:34:00Z
1307,PushEvent,grace-ml,grace-ml/project-01,tech-corp,2024-01-15,2024-01-15T01:22:00Z
1308,PushEvent,grace-ml,grace-ml/project-01,tech-corp,2024-01-15,2024-01-15T19:07:00Z
1309,PushEvent,grace-ml,grace-ml/project-01,tech-corp,2024-01-15,2024-01-15T21:43:00Z
1310,PushEvent,grace-ml,grace-ml/project-01,tech-corp,2024-01-15,2024-01-15T03:04:00Z
1311,PushEvent,grace-ml,grace-ml/project-01,tech-corp,2024-01-15,2024-01-15T12:28:00Z
1312,PushEvent,grace-ml,grace-ml/project-01,tech-corp,2024-01-15,2024-01-15T14:56:00Z
1313,PullRequestEvent,grace-ml,grace-ml/project-01,tech-corp,2024-01-15,2024-01-15T15:41:00Z
1314,PullRequestEvent,grace-ml,grace-ml/project-01,tech-corp,2024-01-15,2024-01-15T22:15:00Z
1315,PullRequestEvent,grace-ml,grace-ml/project-01,tech-corp,2024-01-15,2024-01-15T11:16:00Z
1316,PullRequestEvent,grace-ml,grace-ml/project-01,tech-corp,2024-01-15,2024-01-15T15:11:00Z
1317,PullRequestEvent,grace-ml,grace-ml/project-01,tech-corp,2024-01-15,2024-01-15T07:19:00Z
1318,PullRequestEvent,grace-ml,grace-ml/project-01,tech-corp,2024-01-15,2024-01-15T02:15:00Z
1319,PullRequestEvent,grace-ml,grace-ml/project-01,tech-corp,2024-01-15,2024-01-15T12:22:00Z
1320,PullRequestEvent,grace-ml,grace-ml/project-01,tech-corp,2024-01-15,2024-01-15T18:39:00Z
1321,IssuesEvent,grace-ml,grace-ml/project-01,tech-corp,2024-01-15,2024-01-15T04:19:00Z
1322,IssuesEvent,grace-ml,grace-ml/project-01,tech-corp,2024-01-15,2024-01-15T07:55:00Z
1323,IssuesEvent,grace-ml,grace-ml/project-01,tech-corp,2024-01-15,2024-01-15T11:00:00Z
1324,IssuesEvent,grace-ml,grace-ml/project-01,tech-corp,2024-01-15,2024-01-15T20:19:00Z
1325,IssuesEvent,grace-ml,grace-ml/project-01,tech-corp,2024-01-15,2024-01-15T05:21:00Z
1326,IssuesEvent,grace-ml,grace-ml/project-01,tech-corp,2024-01-15,2024-01-15T17:07:00Z
1327,PushEvent,grace-ml,grace-ml/project-02,tech-corp,2024-01-15,2024-01-15T00:52:00Z
1328,PushEvent,grace-ml,grace-ml/project-02,tech-corp,2024-01-15,2024-01-15T15:11:00Z
1329,PushEvent,grace-ml,grace-ml/project-02,tech-corp,2024-01-15,2024-01-15T05:51:00Z
1330,PushEvent,grace-ml,grace-ml/project-02,tech-corp,2024-01-15,2024-01-15T01:13:00Z
1331,PushEvent,grace-ml,grace-ml/project-02,tech-corp,2024-01-15,2024-01-15T03:32:00Z
1332,PushEvent,grace-ml,grace-ml/project-02,tech-corp,2024-01-15,2024-01-15T22:49:00Z
1333,PushEvent,grace-ml,grace-ml/project-02,tech-corp,2024-01-15,2024-01-15T12:01:00Z
1334,PushEvent,grace-ml,grace-ml/project-02,tech-corp,2024-01-15,2024-01-15T08:20:00Z
1335,PushEvent,grace-ml,grace-ml/project-02,tech-corp,2024-01-15,2024-01-15T01:26:00Z
1336,PushEvent,grace-ml,grace-ml/project-02,tech-corp,2024-01-15,2024-01-15T08:00:00Z
1337,PushEvent,grace-ml,grace-ml/project-02,tech-corp,2024-01-15,2024-01-15T10:02:00Z
1338,PushEvent,grace-ml,grace-ml/project-02,tech-corp,2024-01-15,2024-01-15T19:22:00Z
1339,PushEvent,grace-ml,grace-ml/project-02,tech-corp,2024-01-15,2024-01-15T03:17:00Z
1340,PushEvent,grace-ml,grace-ml/project-02,tech-corp,2024-01-15,2024-01-15T22:05:00Z
1341,PushEvent,grace-ml,grace-ml/project-02,tech-corp,2024-01-15,2024-01-15T02:21:00Z
1342,PushEvent,grace-ml,grace-ml/project-02,tech-corp,2024-01-15,2024-01-15T10:14:00Z
1343,PushEvent,grace-ml,grace-ml/project-02,tech-corp,2024-01-15,2024-01-15T21:59:00Z
1344,PushEvent,grace-ml,grace-ml/project-02,tech-corp,2024-01-15,2024-01-15T04:51:00Z
1345,PushEvent,grace-ml,grace-ml/project-02,tech-corp,2024-01-15,2024-01-15T09:11:00Z
1346,PushEvent,grace-ml,grace-ml/project-02,tech-corp,2024-01-15,2024-01-15T14:48:00Z
1347,PushEvent,grace-ml,grace-ml/project-02,tech-corp,2024-01-15,2024-01-15T09:37:00Z
1348,PushEvent,grace-ml,grace-ml/project-02,tech-corp,2024-01-15,2024-01-15T17:44:00Z
1349,PushEvent,grace-ml,grace-ml/project-02,tech-corp,2024-01-15,2024-01-15T02:29:00Z
1350,PushEvent,grace-ml,grace-ml/project-02,tech-corp,2024-01-15,2024-01-15T23:41:00Z
1351,PushEvent,grace-ml,grace-ml/project-02,tech-corp,2024-01-15,2024-01-15T13:05:00Z
1352,PushEvent,grace-ml,grace-ml/project-02,tech-corp,2024-01-15,2024-01-15T02:15:00Z
1353,PushEvent,grace-ml,grace-ml/project-02,tech-corp,2024-01-15,2024-01-15T06:51:00Z
1354,PushEvent,grace-ml,grace-ml/project-02,tech-corp,2024-01-15,2024-01-15T13:08:00Z
1355,PushEvent,grace-ml,grace-ml/project-02,tech-corp,2024-01-15,2024-01-15T14:20:00Z
1356,PushEvent,grace-ml,grace-ml/project-02,tech-corp,2024-01-15,2024-01-15T02:01:00Z
1357,PushEvent,grace-ml,grace-ml/project-02,tech-corp,2024-01-15,2024-01-15T01:34:00Z
1358,PushEvent,grace-ml,grace-ml/project-02,tech-corp,2024-01-15,2024-01-15T17:13:00Z
1359,PushEvent,grace-ml,grace-ml/project-02,tech-corp,2024-01-15,2024-01-15T19:17:00Z
1360,PushEvent,grace-ml,grace-ml/project-02,tech-corp,2024-01-15,2024-01-15T09:24:00Z
1361,PushEvent,grace-ml,grace-ml/project-02,tech-corp,2024-01-15,2024-01-15T01:24:00Z
1362,PushEvent,grace-ml,grace-ml/project-02,tech-corp,2024-01-15,2024-01-15T21:32:00Z
1363,PushEvent,grace-ml,grace-ml/project-02,tech-corp,2024-01-15,2024-01-15T03:30:00Z
1364,PushEvent,grace-ml,grace-ml/project-02,tech-corp,2024-01-15,2024-01-15T13:00:00Z
1365,PushEvent,grace-ml,grace-ml/project-02,tech-corp,2024-01-15,2024-01-15T13:15:00Z
1366,PushEvent,grace-ml,grace-ml/project-02,tech-corp,2024-01-15,2024-01-15T21:45:00Z
1367,PushEvent,grace-ml,grace-ml/project-02,tech-corp,2024-01-15,2024-01-15T19:02:00Z
1368,PushEvent,grace-ml,grace-ml/project-02,tech-corp,2024-01-15,2024-01-15T02:40:00Z
1369,PushEvent,grace-ml,grace-ml/project-02,tech-corp,2024-01-15,2024-01-15T05:24:00Z
1370,PushEvent,grace-ml,grace-ml/project-02,tech-corp,2024-01-15,2024-01-15T12:52:00Z
1371,PushEvent,grace-ml,grace-ml/project-02,tech-corp,2024-01-15,2024-01-15T01:07:00Z
1372,PushEvent,grace-ml,grace-ml/project-02,tech-corp,2024-01-15,2024-01-15T20:33:00Z
1373,PushEvent,grace-ml,grace-ml/project-02,tech-corp,2024-01-15,2024-01-15T03:24:00Z
1374,PushEvent,grace-ml,grace-ml/project-02,tech-corp,2024-01-15,2024-01-15T14:03:00Z
1375,PushEvent,grace-ml,grace-ml/project-02,tech-corp,2024-01-15,2024-01-15T12:59:00Z
1376,PushEvent,grace-ml,grace-ml/project-02,tech-corp,2024-01-15,2024-01-15T11:31:00Z
1377,PushEvent,grace-ml,grace-ml/project-02,tech-corp,2024-01-15,2024-01-15T12:30:00Z
1378,PushEvent,grace-ml,grace-ml/project-02,tech-corp,2024-01-15,2024-01-15T13:19:00Z
1379,PushEvent,grace-ml,grace-ml/project-02,tech-corp,2024-01-15,2024-01-15T17:28:00Z
1380,PushEvent,grace-ml,grace-ml/project-02,tech-corp,2024-01-15,2024-01-15T05:31:00Z
1381,PushEvent,grace-ml,grace-ml/project-02,tech-corp,2024-01-15,2024-01-15T10:01:00Z
1382,PushEvent,grace-ml,grace-ml/project-02,tech-corp,2024-01-15,2024-01-15T22:18:00Z
1383,PushEvent,grace-ml,grace-ml/project-02,tech-corp,2024-01-15,2024-01-15T18:04:00Z
1384,PushEvent,grace-ml,grace-ml/project-02,tech-corp,2024-01-15,2024-01-15T18:33:00Z
1385,PushEvent,grace-ml,grace-ml/project-02,tech-corp,2024-01-15,2024-01-15T09:24:00Z
1386,PushEvent,grace-ml,grace-ml/project-02,tech-corp,2024-01-15,2024-01-15T01:10:00Z
1387,PushEvent,grace-ml,grace-ml/project-02,tech-corp,2024-01-15,2024-01-15T17:30:00Z
1388,PushEvent,grace-ml,grace-ml/project-02,tech-corp,2024-01-15,2024-01-15T23:14:00Z
1389,PushEvent,grace-ml,grace-ml/project-02,tech-corp,2024-01-15,2024-01-15T08:22:00Z
1390,PushEvent,grace-ml,grace-ml/project-02,tech-corp,2024-01-15,2024-01-15T18:08:00Z
1391,PushEvent,grace-ml,grace-ml/project-02,tech-corp,2024-01-15,2024-01-15T02:20:00Z
1392,PushEvent,grace-ml,grace-ml/project-02,tech-corp,2024-01-15,2024-01-15T08:27:00Z
1393,PushEvent,grace-ml,grace-ml/project-02,tech-corp,2024-01-15,2024-01-15T13:50:00Z
1394,PushEvent,grace-ml,grace-ml/project-02,tech-corp,2024-01-15,2024-01-15T06:15:00Z
1395,PullRequestEvent,grace-ml,grace-ml/project-02,tech-corp,2024-01-15,2024-01-15T03:03:00Z
1396,PullRequestEvent,grace-ml,grace-ml/project-02,tech-corp,2024-01-15,2024-01-15T06:39:00Z
1397,IssuesEvent,grace-ml,grace-ml/project-02,tech-corp,2024-01-15,2024-01-15T04:38:00Z
1398,PushEvent,grace-ml,grace-ml/project-03,tech-corp,2024-01-15,2024-01-15T19:28:00Z
1399,PushEvent,grace-ml,grace-ml/project-03,tech-corp,2024-01-15,2024-01-15T19:35:00Z
1400,PushEvent,grace-ml,grace-ml/project-03,tech-corp,2024-01-15,2024-01-15T05:38:00Z
1401,PushEvent,grace-ml,grace-ml/project-03,tech-corp,2024-01-15,2024-01-15T17:36:00Z
1402,PushEvent,grace-ml,grace-ml/project-03,tech-corp,2024-01-15,2024-01-15T19:34:00Z
1403,PushEvent,grace-ml,grace-ml/project-03,tech-corp,2024-01-15,2024-01-15T06:26:00Z
1404,PushEvent,grace-ml,grace-ml/project-03,tech-corp,2024-01-15,2024-01-15T21:13:00Z
1405,PushEvent,grace-ml,grace-ml/project-03,tech-corp,2024-01-15,2024-01-15T06:36:00Z
1406,PushEvent,grace-ml,grace-ml/project-03,tech-corp,2024-01-15,2024-01-15T21:04:00Z
1407,PushEvent,grace-ml,grace-ml/project-03,tech-corp,2024-01-15,2024-01-15T22:01:00Z
1408,PushEvent,grace-ml,grace-ml/project-03,tech-corp,2024-01-15,2024-01-15T20:53:00Z
1409,PushEvent,grace-ml,grace-ml/project-03,tech-corp,2024-01-15,2024-01-15T05:14:00Z
1410,PushEvent,grace-ml,grace-ml/project-03,tech-corp,2024-01-15,2024-01-15T20:09:00Z
1411,PushEvent,grace-ml,grace-ml/project-03,tech-corp,2024-01-15,2024-01-15T22:57:00Z
1412,PushEvent,grace-ml,grace-ml/project-03,tech-corp,2024-01-15,2024-01-15T23:38:00Z
1413,PushEvent,grace-ml,grace-ml/project-03,tech-corp,2024-01-15,2024-01-15T04:00:00Z
1414,PushEvent,grace-ml,grace-ml/project-03,tech-corp,2024-01-15,2024-01-15T12:20:00Z
1415,PushEvent,grace-ml,grace-ml/project-03,tech-corp,2024-01-15,2024-01-15T17:44:00Z
1416,PushEvent,grace-ml,grace-ml/project-03,tech-corp,2024-01-15,2024-01-15T20:52:00Z
1417,PushEvent,grace-ml,grace-ml/project-03,tech-corp,2024-01-15,2024-01-15T17:36:00Z
1418,PushEvent,grace-ml,grace-ml/project-03,tech-corp,2024-01-15,2024-01-15T12:31:00Z
1419,PushEvent,grace-ml,grace-ml/project-03,tech-corp,2024-01-15,2024-01-15T03:16:00Z
1420,PushEvent,grace-ml,grace-ml/project-03,tech-corp,2024-01-15,2024-01-15T02:48:00Z
1421,PushEvent,grace-ml,grace-ml/project-03,tech-corp,2024-01-15,2024-01-15T10:20:00Z
1422,PushEvent,grace-ml,grace-ml/project-03,tech-corp,2024-01-15,2024-01-15T19:54:00Z
1423,PushEvent,grace-ml,grace-ml/project-03,tech-corp,2024-01-15,2024-01-15T20:25:00Z
1424,PushEvent,grace-ml,grace-ml/project-03,tech-corp,2024-01-15,2024-01-15T03:33:00Z
1425,PushEvent,grace-ml,grace-ml/project-03,tech-corp,2024-01-15,2024-01-15T19:47:00Z
1426,PushEvent,grace-ml,grace-ml/project-03,tech-corp,2024-01-15,2024-01-15T17:39:00Z
1427,PushEvent,grace-ml,grace-ml/project-03,tech-corp,2024-01-15,2024-01-15T02:40:00Z
1428,PushEvent,grace-ml,grace-ml/project-03,tech-corp,2024-01-15,2024-01-15T19:28:00Z
1429,PushEvent,grace-ml,grace-ml/project-03,tech-corp,2024-01-15,2024-01-15T05:41:00Z
1430,PushEvent,grace-ml,grace-ml/project-03,tech-corp,2024-01-15,2024-01-15T20:41:00Z
1431,PushEvent,grace-ml,grace-ml/project-03,tech-corp,2024-01-15,2024-01-15T12:48:00Z
1432,PushEvent,grace-ml,grace-ml/project-03,tech-corp,2024-01-15,2024-01-15T08:16:00Z
1433,PushEvent,grace-ml,grace-ml/project-03,tech-corp,2024-01-15,2024-01-15T23:08:00Z
1434,PushEvent,grace-ml,grace-ml/project-03,tech-corp,2024-01-15,2024-01-15T08:00:00Z
1435,PushEvent,grace-ml,grace-ml/project-03,tech-corp,2024-01-15,2024-01-15T01:59:00Z
1436,PushEvent,grace-ml,grace-ml/project-03,tech-corp,2024-01-15,2024-01-15T15:28:00Z
1437,PushEvent,grace-ml,grace-ml/project-03,tech-corp,2024-01-15,2024-01-15T00:09:00Z
1438,PushEvent,grace-ml,grace-ml/project-03,tech-corp,2024-01-15,2024-01-15T17:57:00Z
1439,PushEvent,grace-ml,grace-ml/project-03,tech-corp,2024-01-15,2024-01-15T07:20:00Z
1440,PushEvent,grace-ml,grace-ml/project-03,tech-corp,2024-01-15,2024-01-15T10:54:00Z
1441,PushEvent,grace-ml,grace-ml/project-03,tech-corp,2024-01-15,2024-01-15T01:07:00Z
1442,PushEvent,grace-ml,grace-ml/project-03,tech-corp,2024-01-15,2024-01-15T21:07:00Z
1443,PushEvent,grace-ml,grace-ml/project-03,tech-corp,2024-01-15,2024-01-15T16:14:00Z
1444,PushEvent,grace-ml,grace-ml/project-03,tech-corp,2024-01-15,2024-01-15T16:59:00Z
1445,PushEvent,grace-ml,grace-ml/project-03,tech-corp,2024-01-15,2024-01-15T22:23:00Z
1446,PushEvent,grace-ml,grace-ml/project-03,tech-corp,2024-01-15,2024-01-15T12:18:00Z
1447,PushEvent,grace-ml,grace-ml/project-03,tech-corp,2024-01-15,2024-01-15T04:31:00Z
1448,PushEvent,grace-ml,grace-ml/project-03,tech-corp,2024-01-15,2024-01-15T11:00:00Z
1449,PushEvent,grace-ml,grace-ml/project-03,tech-corp,2024-01-15,2024-01-15T22:36:00Z
1450,PushEvent,grace-ml,grace-ml/project-03,tech-corp,2024-01-15,2024-01-15T07:12:00Z
1451,PushEvent,grace-ml,grace-ml/project-03,tech-corp,2024-01-15,2024-01-15T07:56:00Z
1452,PushEvent,grace-ml,grace-ml/project-03,tech-corp,2024-01-15,2024-01-15T22:42:00Z
1453,PushEvent,grace-ml,grace-ml/project-03,tech-corp,2024-01-15,2024-01-15T00:44:00Z
1454,PushEvent,grace-ml,grace-ml/project-03,tech-corp,2024-01-15,2024-01-15T18:23:00Z
1455,PushEvent,grace-ml,grace-ml/project-03,tech-corp,2024-01-15,2024-01-15T02:23:00Z
1456,PushEvent,grace-ml,grace-ml/project-03,tech-corp,2024-01-15,2024-01-15T16:04:00Z
1457,PushEvent,grace-ml,grace-ml/project-03,tech-corp,2024-01-15,2024-01-15T19:20:00Z
1458,PushEvent,grace-ml,grace-ml/project-03,tech-corp,2024-01-15,2024-01-15T07:57:00Z
1459,PushEvent,grace-ml,grace-ml/project-03,tech-corp,2024-01-15,2024-01-15T13:35:00Z
1460,PushEvent,grace-ml,grace-ml/project-03,tech-corp,2024-01-15,2024-01-15T10:51:00Z
1461,PushEvent,grace-ml,grace-ml/project-03,tech-corp,2024-01-15,2024-01-15T14:18:00Z
1462,PushEvent,grace-ml,grace-ml/project-03,tech-corp,2024-01-15,2024-01-15T06:50:00Z
1463,PushEvent,grace-ml,grace-ml/project-03,tech-corp,2024-01-15,2024-01-15T18:42:00Z
1464,PushEvent,grace-ml,grace-ml/project-03,tech-corp,2024-01-15,2024-01-15T04:04:00Z
1465,PushEvent,grace-ml,grace-ml/project-03,tech-corp,2024-01-15,2024-01-15T21:31:00Z
1466,PushEvent,grace-ml,grace-ml/project-03,tech-corp,2024-01-15,2024-01-15T07:09:00Z
1467,PushEvent,grace-ml,grace-ml/project-03,tech-corp,2024-01-15,2024-01-15T05:46:00Z
1468,PushEvent,grace-ml,grace-ml/project-03,tech-corp,2024-01-15,2024-01-15T15:27:00Z
1469,PushEvent,grace-ml,grace-ml/project-03,tech-corp,2024-01-15,2024-01-15T16:30:00Z
1470,PushEvent,grace-ml,grace-ml/project-03,tech-corp,2024-01-15,2024-01-15T07:39:00Z
1471,PushEvent,grace-ml,grace-ml/project-03,tech-corp,2024-01-15,2024-01-15T08:01:00Z
1472,PushEvent,grace-ml,grace-ml/project-03,tech-corp,2024-01-15,2024-01-15T14:49:00Z
1473,PushEvent,grace-ml,grace-ml/project-03,tech-corp,2024-01-15,2024-01-15T02:48:00Z
1474,PushEvent,grace-ml,grace-ml/project-03,tech-corp,2024-01-15,2024-01-15T03:03:00Z
1475,PushEvent,grace-ml,grace-ml/project-03,tech-corp,2024-01-15,2024-01-15T13:40:00Z
1476,PushEvent,grace-ml,grace-ml/project-03,tech-corp,2024-01-15,2024-01-15T08:24:00Z
1477,PushEvent,grace-ml,grace-ml/project-03,tech-corp,2024-01-15,2024-01-15T22:49:00Z
1478,PushEvent,grace-ml,grace-ml/project-03,tech-corp,2024-01-15,2024-01-15T09:20:00Z
1479,PushEvent,grace-ml,grace-ml/project-03,tech-corp,2024-01-15,2024-01-15T03:11:00Z
1480,PushEvent,grace-ml,grace-ml/project-03,tech-corp,2024-01-15,2024-01-15T07:01:00Z
1481,PushEvent,grace-ml,grace-ml/project-03,tech-corp,2024-01-15,2024-01-15T21:12:00Z
1482,PushEvent,grace-ml,grace-ml/project-03,tech-corp,2024-01-15,2024-01-15T20:31:00Z
1483,PushEvent,grace-ml,grace-ml/project-03,tech-corp,2024-01-15,2024-01-15T15:31:00Z
1484,PushEvent,grace-ml,grace-ml/project-03,tech-corp,2024-01-15,2024-01-15T01:10:00Z
1485,PushEvent,grace-ml,grace-ml/project-03,tech-corp,2024-01-15,2024-01-15T09:14:00Z
1486,PushEvent,grace-ml,grace-ml/project-03,tech-corp,2024-01-15,2024-01-15T16:39:00Z
1487,PullRequestEvent,grace-ml,grace-ml/project-03,tech-corp,2024-01-15,2024-01-15T22:08:00Z
1488,PullRequestEvent,grace-ml,grace-ml/project-03,tech-corp,2024-01-15,2024-01-15T07:58:00Z
1489,PullRequestEvent,grace-ml,grace-ml/project-03,tech-corp,2024-01-15,2024-01-15T13:59:00Z
1490,IssuesEvent,grace-ml,grace-ml/project-03,tech-corp,2024-01-15,2024-01-15T17:21:00Z
1491,IssuesEvent,grace-ml,grace-ml/project-03,tech-corp,2024-01-15,2024-01-15T19:29:00Z
1492,PushEvent,henry-backend,henry-backend/project-01,0,2024-01-15,2024-01-15T11:31:00Z
1493,PushEvent,henry-backend,henry-backend/project-01,0,2024-01-15,2024-01-15T18:45:00Z
1494,PushEvent,henry-backend,henry-backend/project-01,0,2024-01-15,2024-01-15T16:55:00Z
1495,PushEvent,henry-backend,henry-backend/project-01,0,2024-01-15,2024-01-15T20:34:00Z
1496,PushEvent,henry-backend,henry-backend/project-01,0,2024-01-15,2024-01-15T22:38:00Z
1497,PushEvent,henry-backend,henry-backend/project-01,0,2024-01-15,2024-01-15T16:11:00Z
1498,PushEvent,henry-backend,henry-backend/project-01,0,2024-01-15,2024-01-15T08:46:00Z
1499,PushEvent,henry-backend,henry-backend/project-01,0,2024-01-15,2024-01-15T17:20:00Z
1500,PushEvent,henry-backend,henry-backend/project-01,0,2024-01-15,2024-01-15T12:20:00Z
1501,PushEvent,henry-backend,henry-backend/project-01,0,2024-01-15,2024-01-15T07:45:00Z
1502,PushEvent,henry-backend,henry-backend/project-01,0,2024-01-15,2024-01-15T07:45:00Z
1503,PushEvent,henry-backend,henry-backend/project-01,0,2024-01-15,2024-01-15T06:22:00Z
1504,PushEvent,henry-backend,henry-backend/project-01,0,2024-01-15,2024-01-15T11:31:00Z
1505,PushEvent,henry-backend,henry-backend/project-01,0,2024-01-15,2024-01-15T10:21:00Z
1506,PushEvent,henry-backend,henry-backend/project-01,0,2024-01-15,2024-01-15T21:42:00Z
1507,PushEvent,henry-backend,henry-backend/project-01,0,2024-01-15,2024-01-15T21:27:00Z
1508,PushEvent,henry-backend,henry-backend/project-01,0,2024-01-15,2024-01-15T12:17:00Z
1509,PushEvent,henry-backend,henry-backend/project-01,0,2024-01-15,2024-01-15T01:28:00Z
1510,PushEvent,henry-backend,henry-backend/project-01,0,2024-01-15,2024-01-15T20:14:00Z
1511,PushEvent,henry-backend,henry-backend/project-01,0,2024-01-15,2024-01-15T19:26:00Z
1512,PushEvent,henry-backend,henry-backend/project-01,0,2024-01-15,2024-01-15T17:30:00Z
1513,PushEvent,henry-backend,henry-backend/project-01,0,2024-01-15,2024-01-15T14:50:00Z
1514,PushEvent,henry-backend,henry-backend/project-01,0,2024-01-15,2024-01-15T22:23:00Z
1515,PushEvent,henry-backend,henry-backend/project-01,0,2024-01-15,2024-01-15T11:12:00Z
1516,PushEvent,henry-backend,henry-backend/project-01,0,2024-01-15,2024-01-15T21:42:00Z
1517,PushEvent,henry-backend,henry-backend/project-01,0,2024-01-15,2024-01-15T04:32:00Z
1518,PushEvent,henry-backend,henry-backend/project-01,0,2024-01-15,2024-01-15T23:02:00Z
1519,PushEvent,henry-backend,henry-backend/project-01,0,2024-01-15,2024-01-15T21:18:00Z
1520,PushEvent,henry-backend,henry-backend/project-01,0,2024-01-15,2024-01-15T22:28:00Z
1521,PushEvent,henry-backend,henry-backend/project-01,0,2024-01-15,2024-01-15T06:43:00Z
1522,PushEvent,henry-backend,henry-backend/project-01,0,2024-01-15,2024-01-15T14:24:00Z
1523,PushEvent,henry-backend,henry-backend/project-01,0,2024-01-15,2024-01-15T04:46:00Z
1524,PushEvent,henry-backend,henry-backend/project-01,0,2024-01-15,2024-01-15T07:41:00Z
1525,PushEvent,henry-backend,henry-backend/project-01,0,2024-01-15,2024-01-15T15:07:00Z
1526,PushEvent,henry-backend,henry-backend/project-01,0,2024-01-15,2024-01-15T00:43:00Z
1527,PushEvent,henry-backend,henry-backend/project-01,0,2024-01-15,2024-01-15T04:02:00Z
1528,PushEvent,henry-backend,henry-backend/project-01,0,2024-01-15,2024-01-15T00:03:00Z
1529,PushEvent,henry-backend,henry-backend/project-01,0,2024-01-15,2024-01-15T07:34:00Z
1530,PushEvent,henry-backend,henry-backend/project-01,0,2024-01-15,2024-01-15T09:33:00Z
1531,PushEvent,henry-backend,henry-backend/project-01,0,2024-01-15,2024-01-15T10:24:00Z
1532,PushEvent,henry-backend,henry-backend/project-01,0,2024-01-15,2024-01-15T09:20:00Z
1533,PushEvent,henry-backend,henry-backend/project-01,0,2024-01-15,2024-01-15T13:38:00Z
1534,PushEvent,henry-backend,henry-backend/project-01,0,2024-01-15,2024-01-15T01:40:00Z
1535,PushEvent,henry-backend,henry-backend/project-01,0,2024-01-15,2024-01-15T15:12:00Z
1536,PushEvent,henry-backend,henry-backend/project-01,0,2024-01-15,2024-01-15T08:51:00Z
1537,PushEvent,henry-backend,henry-backend/project-01,0,2024-01-15,2024-01-15T03:21:00Z
1538,PushEvent,henry-backend,henry-backend/project-01,0,2024-01-15,2024-01-15T09:25:00Z
1539,PushEvent,henry-backend,henry-backend/project-01,0,2024-01-15,2024-01-15T21:11:00Z
1540,PushEvent,henry-backend,henry-backend/project-01,0,2024-01-15,2024-01-15T16:13:00Z
1541,PushEvent,henry-backend,henry-backend/project-01,0,2024-01-15,2024-01-15T13:56:00Z
1542,PullRequestEvent,henry-backend,henry-backend/project-01,0,2024-01-15,2024-01-15T20:56:00Z
1543,PullRequestEvent,henry-backend,henry-backend/project-01,0,2024-01-15,2024-01-15T19:10:00Z
1544,PullRequestEvent,henry-backend,henry-backend/project-01,0,2024-01-15,2024-01-15T15:50:00Z
1545,IssuesEvent,henry-backend,henry-backend/project-01,0,2024-01-15,2024-01-15T23:18:00Z
1546,IssuesEvent,henry-backend,henry-backend/project-01,0,2024-01-15,2024-01-15T04:57:00Z
1547,IssuesEvent,henry-backend,henry-backend/project-01,0,2024-01-15,2024-01-15T03:46:00Z
1548,IssuesEvent,henry-backend,henry-backend/project-01,0,2024-01-15,2024-01-15T03:19:00Z
1549,IssuesEvent,henry-backend,henry-backend/project-01,0,2024-01-15,2024-01-15T09:23:00Z
1550,IssuesEvent,henry-backend,henry-backend/project-01,0,2024-01-15,2024-01-15T21:34:00Z
1551,PushEvent,henry-backend,henry-backend/project-02,0,2024-01-15,2024-01-15T04:37:00Z
1552,PushEvent,henry-backend,henry-backend/project-02,0,2024-01-15,2024-01-15T20:53:00Z
1553,PushEvent,henry-backend,henry-backend/project-02,0,2024-01-15,2024-01-15T07:38:00Z
1554,PushEvent,henry-backend,henry-backend/project-02,0,2024-01-15,2024-01-15T20:09:00Z
1555,PushEvent,henry-backend,henry-backend/project-02,0,2024-01-15,2024-01-15T05:45:00Z
1556,PushEvent,henry-backend,henry-backend/project-02,0,2024-01-15,2024-01-15T03:59:00Z
1557,PushEvent,henry-backend,henry-backend/project-02,0,2024-01-15,2024-01-15T12:19:00Z
1558,PushEvent,henry-backend,henry-backend/project-02,0,2024-01-15,2024-01-15T16:54:00Z
1559,PushEvent,henry-backend,henry-backend/project-02,0,2024-01-15,2024-01-15T06:03:00Z
1560,PushEvent,henry-backend,henry-backend/project-02,0,2024-01-15,2024-01-15T13:02:00Z
1561,PushEvent,henry-backend,henry-backend/project-02,0,2024-01-15,2024-01-15T23:36:00Z
1562,PushEvent,henry-backend,henry-backend/project-02,0,2024-01-15,2024-01-15T15:57:00Z
1563,PushEvent,henry-backend,henry-backend/project-02,0,2024-01-15,2024-01-15T22:51:00Z
1564,PushEvent,henry-backend,henry-backend/project-02,0,2024-01-15,2024-01-15T03:55:00Z
1565,PushEvent,henry-backend,henry-backend/project-02,0,2024-01-15,2024-01-15T23:33:00Z
1566,PushEvent,henry-backend,henry-backend/project-02,0,2024-01-15,2024-01-15T17:18:00Z
1567,PushEvent,henry-backend,henry-backend/project-02,0,2024-01-15,2024-01-15T18:48:00Z
1568,PushEvent,henry-backend,henry-backend/project-02,0,2024-01-15,2024-01-15T13:18:00Z
1569,PushEvent,henry-backend,henry-backend/project-02,0,2024-01-15,2024-01-15T21:23:00Z
1570,PushEvent,henry-backend,henry-backend/project-02,0,2024-01-15,2024-01-15T12:11:00Z
1571,PushEvent,henry-backend,henry-backend/project-02,0,2024-01-15,2024-01-15T05:52:00Z
1572,PushEvent,henry-backend,henry-backend/project-02,0,2024-01-15,2024-01-15T03:18:00Z
1573,PushEvent,henry-backend,henry-backend/project-02,0,2024-01-15,2024-01-15T15:44:00Z
1574,PushEvent,henry-backend,henry-backend/project-02,0,2024-01-15,2024-01-15T03:29:00Z
1575,PushEvent,henry-backend,henry-backend/project-02,0,2024-01-15,2024-01-15T22:48:00Z
1576,PushEvent,henry-backend,henry-backend/project-02,0,2024-01-15,2024-01-15T22:32:00Z
1577,PushEvent,henry-backend,henry-backend/project-02,0,2024-01-15,2024-01-15T17:51:00Z
1578,PushEvent,henry-backend,henry-backend/project-02,0,2024-01-15,2024-01-15T16:58:00Z
1579,PushEvent,henry-backend,henry-backend/project-02,0,2024-01-15,2024-01-15T14:10:00Z
1580,PushEvent,henry-backend,henry-backend/project-02,0,2024-01-15,2024-01-15T21:44:00Z
1581,PushEvent,henry-backend,henry-backend/project-02,0,2024-01-15,2024-01-15T00:16:00Z
1582,PushEvent,henry-backend,henry-backend/project-02,0,2024-01-15,2024-01-15T05:03:00Z
1583,PushEvent,henry-backend,henry-backend/project-02,0,2024-01-15,2024-01-15T19:47:00Z
1584,PushEvent,henry-backend,henry-backend/project-02,0,2024-01-15,2024-01-15T14:26:00Z
1585,PushEvent,henry-backend,henry-backend/project-02,0,2024-01-15,2024-01-15T14:05:00Z
1586,PushEvent,henry-backend,henry-backend/project-02,0,2024-01-15,2024-01-15T14:13:00Z
1587,PushEvent,henry-backend,henry-backend/project-02,0,2024-01-15,2024-01-15T10:38:00Z
1588,PushEvent,henry-backend,henry-backend/project-02,0,2024-01-15,2024-01-15T08:25:00Z
1589,PushEvent,henry-backend,henry-backend/project-02,0,2024-01-15,2024-01-15T15:04:00Z
1590,PushEvent,henry-backend,henry-backend/project-02,0,2024-01-15,2024-01-15T19:09:00Z
1591,PushEvent,henry-backend,henry-backend/project-02,0,2024-01-15,2024-01-15T17:02:00Z
1592,PushEvent,henry-backend,henry-backend/project-02,0,2024-01-15,2024-01-15T12:42:00Z
1593,PushEvent,henry-backend,henry-backend/project-02,0,2024-01-15,2024-01-15T16:29:00Z
1594,PushEvent,henry-backend,henry-backend/project-02,0,2024-01-15,2024-01-15T21:44:00Z
1595,PushEvent,henry-backend,henry-backend/project-02,0,2024-01-15,2024-01-15T05:16:00Z
1596,PushEvent,henry-backend,henry-backend/project-02,0,2024-01-15,2024-01-15T12:50:00Z
1597,PushEvent,henry-backend,henry-backend/project-02,0,2024-01-15,2024-01-15T20:18:00Z
1598,PushEvent,henry-backend,henry-backend/project-02,0,2024-01-15,2024-01-15T09:34:00Z
1599,PushEvent,henry-backend,henry-backend/project-02,0,2024-01-15,2024-01-15T13:25:00Z
1600,PushEvent,henry-backend,henry-backend/project-02,0,2024-01-15,2024-01-15T18:04:00Z
1601,PushEvent,henry-backend,henry-backend/project-02,0,2024-01-15,2024-01-15T04:19:00Z
1602,PushEvent,henry-backend,henry-backend/project-02,0,2024-01-15,2024-01-15T16:20:00Z
1603,PushEvent,henry-backend,henry-backend/project-02,0,2024-01-15,2024-01-15T09:04:00Z
1604,PushEvent,henry-backend,henry-backend/project-02,0,2024-01-15,2024-01-15T03:05:00Z
1605,PushEvent,henry-backend,henry-backend/project-02,0,2024-01-15,2024-01-15T03:38:00Z
1606,PullRequestEvent,henry-backend,henry-backend/project-02,0,2024-01-15,2024-01-15T17:34:00Z
1607,PullRequestEvent,henry-backend,henry-backend/project-02,0,2024-01-15,2024-01-15T00:23:00Z
1608,PullRequestEvent,henry-backend,henry-backend/project-02,0,2024-01-15,2024-01-15T03:05:00Z
1609,PullRequestEvent,henry-backend,henry-backend/project-02,0,2024-01-15,2024-01-15T08:53:00Z
1610,PullRequestEvent,henry-backend,henry-backend/project-02,0,2024-01-15,2024-01-15T13:59:00Z
1611,PullRequestEvent,henry-backend,henry-backend/project-02,0,2024-01-15,2024-01-15T11:59:00Z
1612,PullRequestEvent,henry-backend,henry-backend/project-02,0,2024-01-15,2024-01-15T19:23:00Z
1613,PullRequestEvent,henry-backend,henry-backend/project-02,0,2024-01-15,2024-01-15T03:20:00Z
1614,IssuesEvent,henry-backend,henry-backend/project-02,0,2024-01-15,2024-01-15T23:43:00Z
1615,IssuesEvent,henry-backend,henry-backend/project-02,0,2024-01-15,2024-01-15T09:29:00Z
1616,IssuesEvent,henry-backend,henry-backend/project-02,0,2024-01-15,2024-01-15T21:27:00Z
1617,IssuesEvent,henry-backend,henry-backend/project-02,0,2024-01-15,2024-01-15T06:34:00Z
1618,IssuesEvent,henry-backend,henry-backend/project-02,0,2024-01-15,2024-01-15T22:27:00Z
1619,IssuesEvent,henry-backend,henry-backend/project-02,0,2024-01-15,2024-01-15T13:55:00Z
1620,PushEvent,henry-backend,henry-backend/project-03,0,2024-01-15,2024-01-15T15:15:00Z
1621,PushEvent,henry-backend,henry-backend/project-03,0,2024-01-15,2024-01-15T21:30:00Z
1622,PushEvent,henry-backend,henry-backend/project-03,0,2024-01-15,2024-01-15T09:24:00Z
1623,PushEvent,henry-backend,henry-backend/project-03,0,2024-01-15,2024-01-15T12:05:00Z
1624,PushEvent,henry-backend,henry-backend/project-03,0,2024-01-15,2024-01-15T11:08:00Z
1625,PushEvent,henry-backend,henry-backend/project-03,0,2024-01-15,2024-01-15T12:35:00Z
1626,PushEvent,henry-backend,henry-backend/project-03,0,2024-01-15,2024-01-15T23:42:00Z
1627,PushEvent,henry-backend,henry-backend/project-03,0,2024-01-15,2024-01-15T19:17:00Z
1628,PushEvent,henry-backend,henry-backend/project-03,0,2024-01-15,2024-01-15T10:56:00Z
1629,PushEvent,henry-backend,henry-backend/project-03,0,2024-01-15,2024-01-15T20:03:00Z
1630,PushEvent,henry-backend,henry-backend/project-03,0,2024-01-15,2024-01-15T17:32:00Z
1631,PushEvent,henry-backend,henry-backend/project-03,0,2024-01-15,2024-01-15T06:05:00Z
1632,PushEvent,henry-backend,henry-backend/project-03,0,2024-01-15,2024-01-15T14:17:00Z
1633,PushEvent,henry-backend,henry-backend/project-03,0,2024-01-15,2024-01-15T23:10:00Z
1634,PushEvent,henry-backend,henry-backend/project-03,0,2024-01-15,2024-01-15T19:23:00Z
1635,PushEvent,henry-backend,henry-backend/project-03,0,2024-01-15,2024-01-15T14:47:00Z
1636,PushEvent,henry-backend,henry-backend/project-03,0,2024-01-15,2024-01-15T06:20:00Z
1637,PushEvent,henry-backend,henry-backend/project-03,0,2024-01-15,2024-01-15T09:25:00Z
1638,PushEvent,henry-backend,henry-backend/project-03,0,2024-01-15,2024-01-15T11:55:00Z
1639,PushEvent,henry-backend,henry-backend/project-03,0,2024-01-15,2024-01-15T13:56:00Z
1640,PushEvent,henry-backend,henry-backend/project-03,0,2024-01-15,2024-01-15T04:57:00Z
1641,PushEvent,henry-backend,henry-backend/project-03,0,2024-01-15,2024-01-15T20:17:00Z
1642,PushEvent,henry-backend,henry-backend/project-03,0,2024-01-15,2024-01-15T04:02:00Z
1643,PushEvent,henry-backend,henry-backend/project-03,0,2024-01-15,2024-01-15T22:25:00Z
1644,PushEvent,henry-backend,henry-backend/project-03,0,2024-01-15,2024-01-15T04:23:00Z
1645,PushEvent,henry-backend,henry-backend/project-03,0,2024-01-15,2024-01-15T16:18:00Z
1646,PushEvent,henry-backend,henry-backend/project-03,0,2024-01-15,2024-01-15T18:24:00Z
1647,PushEvent,henry-backend,henry-backend/project-03,0,2024-01-15,2024-01-15T20:11:00Z
1648,PushEvent,henry-backend,henry-backend/project-03,0,2024-01-15,2024-01-15T08:32:00Z
1649,PushEvent,henry-backend,henry-backend/project-03,0,2024-01-15,2024-01-15T17:52:00Z
1650,PushEvent,henry-backend,henry-backend/project-03,0,2024-01-15,2024-01-15T03:41:00Z
1651,PushEvent,henry-backend,henry-backend/project-03,0,2024-01-15,2024-01-15T06:21:00Z
1652,PushEvent,henry-backend,henry-backend/project-03,0,2024-01-15,2024-01-15T22:32:00Z
1653,PushEvent,henry-backend,henry-backend/project-03,0,2024-01-15,2024-01-15T16:23:00Z
1654,PushEvent,henry-backend,henry-backend/project-03,0,2024-01-15,2024-01-15T01:27:00Z
1655,PushEvent,henry-backend,henry-backend/project-03,0,2024-01-15,2024-01-15T10:40:00Z
1656,PushEvent,henry-backend,henry-backend/project-03,0,2024-01-15,2024-01-15T06:21:00Z
1657,PushEvent,henry-backend,henry-backend/project-03,0,2024-01-15,2024-01-15T16:16:00Z
1658,PushEvent,henry-backend,henry-backend/project-03,0,2024-01-15,2024-01-15T01:05:00Z
1659,PullRequestEvent,henry-backend,henry-backend/project-03,0,2024-01-15,2024-01-15T01:00:00Z
1660,PullRequestEvent,henry-backend,henry-backend/project-03,0,2024-01-15,2024-01-15T09:20:00Z
1661,PullRequestEvent,henry-backend,henry-backend/project-03,0,2024-01-15,2024-01-15T04:01:00Z
1662,PullRequestEvent,henry-backend,henry-backend/project-03,0,2024-01-15,2024-01-15T21:47:00Z
1663,PullRequestEvent,henry-backend,henry-backend/project-03,0,2024-01-15,2024-01-15T01:09:00Z
1664,PullRequestEvent,henry-backend,henry-backend/project-03,0,2024-01-15,2024-01-15T01:15:00Z
1665,PullRequestEvent,henry-backend,henry-backend/project-03,0,2024-01-15,2024-01-15T15:50:00Z
1666,IssuesEvent,henry-backend,henry-backend/project-03,0,2024-01-15,2024-01-15T06:21:00Z
1667,IssuesEvent,henry-backend,henry-backend/project-03,0,2024-01-15,2024-01-15T11:23:00Z
1668,IssuesEvent,henry-backend,henry-backend/project-03,0,2024-01-15,2024-01-15T14:39:00Z
1669,IssuesEvent,henry-backend,henry-backend/project-03,0,2024-01-15,2024-01-15T05:59:00Z
1670,IssuesEvent,henry-backend,henry-backend/project-03,0,2024-01-15,2024-01-15T09:34:00Z
1671,PushEvent,alice-dev,alice-dev/project-01,open-source-org,2024-01-22,2024-01-22T06:20:00Z
1672,PushEvent,alice-dev,alice-dev/project-01,open-source-org,2024-01-22,2024-01-22T19:25:00Z
1673,PushEvent,alice-dev,alice-dev/project-01,open-source-org,2024-01-22,2024-01-22T03:45:00Z
1674,PushEvent,alice-dev,alice-dev/project-01,open-source-org,2024-01-22,2024-01-22T19:21:00Z
1675,PullRequestEvent,alice-dev,alice-dev/project-01,open-source-org,2024-01-22,2024-01-22T07:20:00Z
1676,PullRequestEvent,alice-dev,alice-dev/project-01,open-source-org,2024-01-22,2024-01-22T14:21:00Z
1677,PullRequestEvent,alice-dev,alice-dev/project-01,open-source-org,2024-01-22,2024-01-22T19:27:00Z
1678,PullRequestEvent,alice-dev,alice-dev/project-01,open-source-org,2024-01-22,2024-01-22T13:26:00Z
1679,PullRequestEvent,alice-dev,alice-dev/project-01,open-source-org,2024-01-22,2024-01-22T08:39:00Z
1680,PullRequestEvent,alice-dev,alice-dev/project-01,open-source-org,2024-01-22,2024-01-22T16:01:00Z
1681,PullRequestEvent,alice-dev,alice-dev/project-01,open-source-org,2024-01-22,2024-01-22T23:02:00Z
1682,PullRequestEvent,alice-dev,alice-dev/project-01,open-source-org,2024-01-22,2024-01-22T07:43:00Z
1683,PullRequestEvent,alice-dev,alice-dev/project-01,open-source-org,2024-01-22,2024-01-22T00:41:00Z
1684,IssuesEvent,alice-dev,alice-dev/project-01,open-source-org,2024-01-22,2024-01-22T02:05:00Z
1685,IssuesEvent,alice-dev,alice-dev/project-01,open-source-org,2024-01-22,2024-01-22T06:51:00Z
1686,IssuesEvent,alice-dev,alice-dev/project-01,open-source-org,2024-01-22,2024-01-22T22:24:00Z
1687,IssuesEvent,alice-dev,alice-dev/project-01,open-source-org,2024-01-22,2024-01-22T17:42:00Z
1688,PushEvent,alice-dev,alice-dev/project-02,open-source-org,2024-01-22,2024-01-22T04:50:00Z
1689,PushEvent,alice-dev,alice-dev/project-02,open-source-org,2024-01-22,2024-01-22T10:55:00Z
1690,PushEvent,alice-dev,alice-dev/project-02,open-source-org,2024-01-22,2024-01-22T11:09:00Z
1691,PullRequestEvent,alice-dev,alice-dev/project-02,open-source-org,2024-01-22,2024-01-22T23:59:00Z
1692,PullRequestEvent,alice-dev,alice-dev/project-02,open-source-org,2024-01-22,2024-01-22T08:35:00Z
1693,PullRequestEvent,alice-dev,alice-dev/project-02,open-source-org,2024-01-22,2024-01-22T04:20:00Z
1694,PullRequestEvent,alice-dev,alice-dev/project-02,open-source-org,2024-01-22,2024-01-22T07:54:00Z
1695,PullRequestEvent,alice-dev,alice-dev/project-02,open-source-org,2024-01-22,2024-01-22T08:46:00Z
1696,PullRequestEvent,alice-dev,alice-dev/project-02,open-source-org,2024-01-22,2024-01-22T14:47:00Z
1697,PullRequestEvent,alice-dev,alice-dev/project-02,open-source-org,2024-01-22,2024-01-22T13:39:00Z
1698,PullRequestEvent,alice-dev,alice-dev/project-02,open-source-org,2024-01-22,2024-01-22T17:41:00Z
1699,PullRequestEvent,alice-dev,alice-dev/project-02,open-source-org,2024-01-22,2024-01-22T19:05:00Z
1700,IssuesEvent,alice-dev,alice-dev/project-02,open-source-org,2024-01-22,2024-01-22T01:06:00Z
1701,IssuesEvent,alice-dev,alice-dev/project-02,open-source-org,2024-01-22,2024-01-22T15:02:00Z
1702,IssuesEvent,alice-dev,alice-dev/project-02,open-source-org,2024-01-22,2024-01-22T12:02:00Z
1703,IssuesEvent,alice-dev,alice-dev/project-02,open-source-org,2024-01-22,2024-01-22T17:42:00Z
1704,PushEvent,alice-dev,alice-dev/project-03,open-source-org,2024-01-22,2024-01-22T05:32:00Z
1705,PushEvent,alice-dev,alice-dev/project-03,open-source-org,2024-01-22,2024-01-22T00:54:00Z
1706,PushEvent,alice-dev,alice-dev/project-03,open-source-org,2024-01-22,2024-01-22T07:36:00Z
1707,PushEvent,alice-dev,alice-dev/project-03,open-source-org,2024-01-22,2024-01-22T15:42:00Z
1708,PullRequestEvent,alice-dev,alice-dev/project-03,open-source-org,2024-01-22,2024-01-22T03:29:00Z
1709,PullRequestEvent,alice-dev,alice-dev/project-03,open-source-org,2024-01-22,2024-01-22T05:45:00Z
1710,PullRequestEvent,alice-dev,alice-dev/project-03,open-source-org,2024-01-22,2024-01-22T21:18:00Z
1711,PullRequestEvent,alice-dev,alice-dev/project-03,open-source-org,2024-01-22,2024-01-22T08:11:00Z
1712,PullRequestEvent,alice-dev,alice-dev/project-03,open-source-org,2024-01-22,2024-01-22T10:45:00Z
1713,PullRequestEvent,alice-dev,alice-dev/project-03,open-source-org,2024-01-22,2024-01-22T22:15:00Z
1714,IssuesEvent,alice-dev,alice-dev/project-03,open-source-org,2024-01-22,2024-01-22T12:54:00Z
1715,PushEvent,bob-codes,bob-codes/project-01,0,2024-01-22,2024-01-22T12:33:00Z
1716,PushEvent,bob-codes,bob-codes/project-01,0,2024-01-22,2024-01-22T03:27:00Z
1717,PushEvent,bob-codes,bob-codes/project-01,0,2024-01-22,2024-01-22T05:57:00Z
1718,PushEvent,bob-codes,bob-codes/project-01,0,2024-01-22,2024-01-22T22:26:00Z
1719,PushEvent,bob-codes,bob-codes/project-01,0,2024-01-22,2024-01-22T04:24:00Z
1720,PushEvent,bob-codes,bob-codes/project-01,0,2024-01-22,2024-01-22T02:32:00Z
1721,PushEvent,bob-codes,bob-codes/project-01,0,2024-01-22,2024-01-22T03:24:00Z
1722,PushEvent,bob-codes,bob-codes/project-01,0,2024-01-22,2024-01-22T19:33:00Z
1723,PushEvent,bob-codes,bob-codes/project-01,0,2024-01-22,2024-01-22T04:34:00Z
1724,PushEvent,bob-codes,bob-codes/project-01,0,2024-01-22,2024-01-22T08:51:00Z
1725,PushEvent,bob-codes,bob-codes/project-01,0,2024-01-22,2024-01-22T05:49:00Z
1726,PushEvent,bob-codes,bob-codes/project-01,0,2024-01-22,2024-01-22T05:18:00Z
1727,PushEvent,bob-codes,bob-codes/project-01,0,2024-01-22,2024-01-22T11:56:00Z
1728,PushEvent,bob-codes,bob-codes/project-01,0,2024-01-22,2024-01-22T10:01:00Z
1729,PushEvent,bob-codes,bob-codes/project-01,0,2024-01-22,2024-01-22T14:43:00Z
1730,PushEvent,bob-codes,bob-codes/project-01,0,2024-01-22,2024-01-22T11:08:00Z
1731,PushEvent,bob-codes,bob-codes/project-01,0,2024-01-22,2024-01-22T20:23:00Z
1732,PushEvent,bob-codes,bob-codes/project-01,0,2024-01-22,2024-01-22T01:21:00Z
1733,PushEvent,bob-codes,bob-codes/project-01,0,2024-01-22,2024-01-22T02:11:00Z
1734,PushEvent,bob-codes,bob-codes/project-01,0,2024-01-22,2024-01-22T15:20:00Z
1735,PushEvent,bob-codes,bob-codes/project-01,0,2024-01-22,2024-01-22T23:25:00Z
1736,PullRequestEvent,bob-codes,bob-codes/project-01,0,2024-01-22,2024-01-22T20:34:00Z
1737,PullRequestEvent,bob-codes,bob-codes/project-01,0,2024-01-22,2024-01-22T19:33:00Z
1738,IssuesEvent,bob-codes,bob-codes/project-01,0,2024-01-22,2024-01-22T18:46:00Z
1739,PushEvent,bob-codes,bob-codes/project-02,0,2024-01-22,2024-01-22T10:56:00Z
1740,PushEvent,bob-codes,bob-codes/project-02,0,2024-01-22,2024-01-22T22:47:00Z
1741,PushEvent,bob-codes,bob-codes/project-02,0,2024-01-22,2024-01-22T21:16:00Z
1742,PushEvent,bob-codes,bob-codes/project-02,0,2024-01-22,2024-01-22T04:43:00Z
1743,PushEvent,bob-codes,bob-codes/project-02,0,2024-01-22,2024-01-22T10:29:00Z
1744,PushEvent,bob-codes,bob-codes/project-02,0,2024-01-22,2024-01-22T14:26:00Z
1745,PushEvent,bob-codes,bob-codes/project-02,0,2024-01-22,2024-01-22T02:32:00Z
1746,PushEvent,bob-codes,bob-codes/project-02,0,2024-01-22,2024-01-22T19:15:00Z
1747,PushEvent,bob-codes,bob-codes/project-02,0,2024-01-22,2024-01-22T01:01:00Z
1748,PushEvent,bob-codes,bob-codes/project-02,0,2024-01-22,2024-01-22T02:39:00Z
1749,PushEvent,bob-codes,bob-codes/project-02,0,2024-01-22,2024-01-22T23:27:00Z
1750,PushEvent,bob-codes,bob-codes/project-02,0,2024-01-22,2024-01-22T14:38:00Z
1751,PushEvent,bob-codes,bob-codes/project-02,0,2024-01-22,2024-01-22T05:08:00Z
1752,PushEvent,bob-codes,bob-codes/project-02,0,2024-01-22,2024-01-22T19:59:00Z
1753,PushEvent,bob-codes,bob-codes/project-02,0,2024-01-22,2024-01-22T00:07:00Z
1754,PushEvent,bob-codes,bob-codes/project-02,0,2024-01-22,2024-01-22T22:22:00Z
1755,PushEvent,bob-codes,bob-codes/project-02,0,2024-01-22,2024-01-22T02:03:00Z
1756,PushEvent,bob-codes,bob-codes/project-02,0,2024-01-22,2024-01-22T14:37:00Z
1757,PushEvent,bob-codes,bob-codes/project-02,0,2024-01-22,2024-01-22T14:20:00Z
1758,PullRequestEvent,bob-codes,bob-codes/project-02,0,2024-01-22,2024-01-22T20:52:00Z
1759,PullRequestEvent,bob-codes,bob-codes/project-02,0,2024-01-22,2024-01-22T13:51:00Z
1760,PullRequestEvent,bob-codes,bob-codes/project-02,0,2024-01-22,2024-01-22T13:35:00Z
1761,PullRequestEvent,bob-codes,bob-codes/project-02,0,2024-01-22,2024-01-22T11:16:00Z
1762,IssuesEvent,bob-codes,bob-codes/project-02,0,2024-01-22,2024-01-22T02:59:00Z
1763,PushEvent,bob-codes,bob-codes/project-03,0,2024-01-22,2024-01-22T14:17:00Z
1764,PushEvent,bob-codes,bob-codes/project-03,0,2024-01-22,2024-01-22T18:32:00Z
1765,PushEvent,bob-codes,bob-codes/project-03,0,2024-01-22,2024-01-22T05:58:00Z
1766,PushEvent,bob-codes,bob-codes/project-03,0,2024-01-22,2024-01-22T22:58:00Z
1767,PushEvent,bob-codes,bob-codes/project-03,0,2024-01-22,2024-01-22T01:55:00Z
1768,PushEvent,bob-codes,bob-codes/project-03,0,2024-01-22,2024-01-22T13:37:00Z
1769,PushEvent,bob-codes,bob-codes/project-03,0,2024-01-22,2024-01-22T13:35:00Z
1770,PushEvent,bob-codes,bob-codes/project-03,0,2024-01-22,2024-01-22T20:07:00Z
1771,PushEvent,bob-codes,bob-codes/project-03,0,2024-01-22,2024-01-22T02:18:00Z
1772,PushEvent,bob-codes,bob-codes/project-03,0,2024-01-22,2024-01-22T13:58:00Z
1773,PushEvent,bob-codes,bob-codes/project-03,0,2024-01-22,2024-01-22T19:48:00Z
1774,PushEvent,bob-codes,bob-codes/project-03,0,2024-01-22,2024-01-22T07:23:00Z
1775,PushEvent,bob-codes,bob-codes/project-03,0,2024-01-22,2024-01-22T13:25:00Z
1776,PushEvent,bob-codes,bob-codes/project-03,0,2024-01-22,2024-01-22T05:22:00Z
1777,PushEvent,bob-codes,bob-codes/project-03,0,2024-01-22,2024-01-22T21:47:00Z
1778,PushEvent,bob-codes,bob-codes/project-03,0,2024-01-22,2024-01-22T18:45:00Z
1779,PushEvent,bob-codes,bob-codes/project-03,0,2024-01-22,2024-01-22T18:02:00Z
1780,PullRequestEvent,bob-codes,bob-codes/project-03,0,2024-01-22,2024-01-22T18:08:00Z
1781,PullRequestEvent,bob-codes,bob-codes/project-03,0,2024-01-22,2024-01-22T19:44:00Z
1782,PullRequestEvent,bob-codes,bob-codes/project-03,0,2024-01-22,2024-01-22T06:13:00Z
1783,PullRequestEvent,bob-codes,bob-codes/project-03,0,2024-01-22,2024-01-22T08:58:00Z
1784,PullRequestEvent,bob-codes,bob-codes/project-03,0,2024-01-22,2024-01-22T22:56:00Z
1785,PullRequestEvent,bob-codes,bob-codes/project-03,0,2024-01-22,2024-01-22T18:46:00Z
1786,PullRequestEvent,bob-codes,bob-codes/project-03,0,2024-01-22,2024-01-22T19:13:00Z
1787,PullRequestEvent,bob-codes,bob-codes/project-03,0,2024-01-22,2024-01-22T23:37:00Z
1788,PullRequestEvent,bob-codes,bob-codes/project-03,0,2024-01-22,2024-01-22T20:35:00Z
1789,PullRequestEvent,bob-codes,bob-codes/project-03,0,2024-01-22,2024-01-22T07:16:00Z
1790,PullRequestEvent,bob-codes,bob-codes/project-03,0,2024-01-22,2024-01-22T08:32:00Z
1791,IssuesEvent,bob-codes,bob-codes/project-03,0,2024-01-22,2024-01-22T13:10:00Z
1792,IssuesEvent,bob-codes,bob-codes/project-03,0,2024-01-22,2024-01-22T20:34:00Z
1793,IssuesEvent,bob-codes,bob-codes/project-03,0,2024-01-22,2024-01-22T08:58:00Z
1794,IssuesEvent,bob-codes,bob-codes/project-03,0,2024-01-22,2024-01-22T13:29:00Z
1795,PushEvent,carol-eng,carol-eng/project-01,tech-corp,2024-01-22,2024-01-22T03:27:00Z
1796,PushEvent,carol-eng,carol-eng/project-01,tech-corp,2024-01-22,2024-01-22T07:01:00Z
1797,PushEvent,carol-eng,carol-eng/project-01,tech-corp,2024-01-22,2024-01-22T08:45:00Z
1798,PushEvent,carol-eng,carol-eng/project-01,tech-corp,2024-01-22,2024-01-22T21:40:00Z
1799,PushEvent,carol-eng,carol-eng/project-01,tech-corp,2024-01-22,2024-01-22T23:54:00Z
1800,PushEvent,carol-eng,carol-eng/project-01,tech-corp,2024-01-22,2024-01-22T15:28:00Z
1801,PushEvent,carol-eng,carol-eng/project-01,tech-corp,2024-01-22,2024-01-22T16:47:00Z
1802,PushEvent,carol-eng,carol-eng/project-01,tech-corp,2024-01-22,2024-01-22T11:34:00Z
1803,PushEvent,carol-eng,carol-eng/project-01,tech-corp,2024-01-22,2024-01-22T10:45:00Z
1804,PushEvent,carol-eng,carol-eng/project-01,tech-corp,2024-01-22,2024-01-22T17:20:00Z
1805,PushEvent,carol-eng,carol-eng/project-01,tech-corp,2024-01-22,2024-01-22T20:04:00Z
1806,PushEvent,carol-eng,carol-eng/project-01,tech-corp,2024-01-22,2024-01-22T15:19:00Z
1807,PushEvent,carol-eng,carol-eng/project-01,tech-corp,2024-01-22,2024-01-22T04:02:00Z
1808,PullRequestEvent,carol-eng,carol-eng/project-01,tech-corp,2024-01-22,2024-01-22T20:08:00Z
1809,PullRequestEvent,carol-eng,carol-eng/project-01,tech-corp,2024-01-22,2024-01-22T08:03:00Z
1810,IssuesEvent,carol-eng,carol-eng/project-01,tech-corp,2024-01-22,2024-01-22T16:33:00Z
1811,IssuesEvent,carol-eng,carol-eng/project-01,tech-corp,2024-01-22,2024-01-22T23:31:00Z
1812,IssuesEvent,carol-eng,carol-eng/project-01,tech-corp,2024-01-22,2024-01-22T00:07:00Z
1813,PushEvent,carol-eng,carol-eng/project-02,tech-corp,2024-01-22,2024-01-22T22:46:00Z
1814,PushEvent,carol-eng,carol-eng/project-02,tech-corp,2024-01-22,2024-01-22T07:11:00Z
1815,PushEvent,carol-eng,carol-eng/project-02,tech-corp,2024-01-22,2024-01-22T21:11:00Z
1816,PushEvent,carol-eng,carol-eng/project-02,tech-corp,2024-01-22,2024-01-22T13:46:00Z
1817,PushEvent,carol-eng,carol-eng/project-02,tech-corp,2024-01-22,2024-01-22T14:40:00Z
1818,PushEvent,carol-eng,carol-eng/project-02,tech-corp,2024-01-22,2024-01-22T18:25:00Z
1819,PushEvent,carol-eng,carol-eng/project-02,tech-corp,2024-01-22,2024-01-22T19:28:00Z
1820,PushEvent,carol-eng,carol-eng/project-02,tech-corp,2024-01-22,2024-01-22T21:39:00Z
1821,PushEvent,carol-eng,carol-eng/project-02,tech-corp,2024-01-22,2024-01-22T20:50:00Z
1822,PushEvent,carol-eng,carol-eng/project-02,tech-corp,2024-01-22,2024-01-22T05:19:00Z
1823,PushEvent,carol-eng,carol-eng/project-02,tech-corp,2024-01-22,2024-01-22T18:03:00Z
1824,PushEvent,carol-eng,carol-eng/project-02,tech-corp,2024-01-22,2024-01-22T22:06:00Z
1825,PushEvent,carol-eng,carol-eng/project-02,tech-corp,2024-01-22,2024-01-22T03:21:00Z
1826,PushEvent,carol-eng,carol-eng/project-02,tech-corp,2024-01-22,2024-01-22T11:44:00Z
1827,PushEvent,carol-eng,carol-eng/project-02,tech-corp,2024-01-22,2024-01-22T02:21:00Z
1828,PushEvent,carol-eng,carol-eng/project-02,tech-corp,2024-01-22,2024-01-22T11:01:00Z
1829,PushEvent,carol-eng,carol-eng/project-02,tech-corp,2024-01-22,2024-01-22T23:33:00Z
1830,PushEvent,carol-eng,carol-eng/project-02,tech-corp,2024-01-22,2024-01-22T22:40:00Z
1831,PushEvent,carol-eng,carol-eng/project-02,tech-corp,2024-01-22,2024-01-22T00:07:00Z
1832,PushEvent,carol-eng,carol-eng/project-02,tech-corp,2024-01-22,2024-01-22T22:37:00Z
1833,PushEvent,carol-eng,carol-eng/project-02,tech-corp,2024-01-22,2024-01-22T05:21:00Z
1834,PushEvent,carol-eng,carol-eng/project-02,tech-corp,2024-01-22,2024-01-22T17:16:00Z
1835,PushEvent,carol-eng,carol-eng/project-02,tech-corp,2024-01-22,2024-01-22T11:05:00Z
1836,PushEvent,carol-eng,carol-eng/project-02,tech-corp,2024-01-22,2024-01-22T07:18:00Z
1837,PushEvent,carol-eng,carol-eng/project-02,tech-corp,2024-01-22,2024-01-22T09:00:00Z
1838,PushEvent,carol-eng,carol-eng/project-02,tech-corp,2024-01-22,2024-01-22T12:48:00Z
1839,PushEvent,carol-eng,carol-eng/project-02,tech-corp,2024-01-22,2024-01-22T02:39:00Z
1840,PushEvent,carol-eng,carol-eng/project-02,tech-corp,2024-01-22,2024-01-22T13:34:00Z
1841,PushEvent,carol-eng,carol-eng/project-02,tech-corp,2024-01-22,2024-01-22T15:44:00Z
1842,PushEvent,carol-eng,carol-eng/project-02,tech-corp,2024-01-22,2024-01-22T19:55:00Z
1843,PushEvent,carol-eng,carol-eng/project-02,tech-corp,2024-01-22,2024-01-22T16:12:00Z
1844,PullRequestEvent,carol-eng,carol-eng/project-02,tech-corp,2024-01-22,2024-01-22T16:45:00Z
1845,PullRequestEvent,carol-eng,carol-eng/project-02,tech-corp,2024-01-22,2024-01-22T16:07:00Z
1846,PullRequestEvent,carol-eng,carol-eng/project-02,tech-corp,2024-01-22,2024-01-22T10:19:00Z
1847,PullRequestEvent,carol-eng,carol-eng/project-02,tech-corp,2024-01-22,2024-01-22T00:25:00Z
1848,PullRequestEvent,carol-eng,carol-eng/project-02,tech-corp,2024-01-22,2024-01-22T06:20:00Z
1849,PullRequestEvent,carol-eng,carol-eng/project-02,tech-corp,2024-01-22,2024-01-22T20:48:00Z
1850,PullRequestEvent,carol-eng,carol-eng/project-02,tech-corp,2024-01-22,2024-01-22T09:42:00Z
1851,IssuesEvent,carol-eng,carol-eng/project-02,tech-corp,2024-01-22,2024-01-22T08:08:00Z
1852,IssuesEvent,carol-eng,carol-eng/project-02,tech-corp,2024-01-22,2024-01-22T23:36:00Z
1853,IssuesEvent,carol-eng,carol-eng/project-02,tech-corp,2024-01-22,2024-01-22T16:40:00Z
1854,IssuesEvent,carol-eng,carol-eng/project-02,tech-corp,2024-01-22,2024-01-22T16:23:00Z
1855,IssuesEvent,carol-eng,carol-eng/project-02,tech-corp,2024-01-22,2024-01-22T20:50:00Z
1856,IssuesEvent,carol-eng,carol-eng/project-02,tech-corp,2024-01-22,2024-01-22T06:54:00Z
1857,PushEvent,carol-eng,carol-eng/project-03,tech-corp,2024-01-22,2024-01-22T06:12:00Z
1858,PushEvent,carol-eng,carol-eng/project-03,tech-corp,2024-01-22,2024-01-22T10:45:00Z
1859,PushEvent,carol-eng,carol-eng/project-03,tech-corp,2024-01-22,2024-01-22T18:10:00Z
1860,PushEvent,carol-eng,carol-eng/project-03,tech-corp,2024-01-22,2024-01-22T12:45:00Z
1861,PushEvent,carol-eng,carol-eng/project-03,tech-corp,2024-01-22,2024-01-22T12:00:00Z
1862,PushEvent,carol-eng,carol-eng/project-03,tech-corp,2024-01-22,2024-01-22T07:43:00Z
1863,PushEvent,carol-eng,carol-eng/project-03,tech-corp,2024-01-22,2024-01-22T18:11:00Z
1864,PushEvent,carol-eng,carol-eng/project-03,tech-corp,2024-01-22,2024-01-22T07:07:00Z
1865,PushEvent,carol-eng,carol-eng/project-03,tech-corp,2024-01-22,2024-01-22T20:44:00Z
1866,PushEvent,carol-eng,carol-eng/project-03,tech-corp,2024-01-22,2024-01-22T11:47:00Z
1867,PushEvent,carol-eng,carol-eng/project-03,tech-corp,2024-01-22,2024-01-22T00:44:00Z
1868,PushEvent,carol-eng,carol-eng/project-03,tech-corp,2024-01-22,2024-01-22T06:27:00Z
1869,PushEvent,carol-eng,carol-eng/project-03,tech-corp,2024-01-22,2024-01-22T04:07:00Z
1870,PushEvent,carol-eng,carol-eng/project-03,tech-corp,2024-01-22,2024-01-22T13:22:00Z
1871,PushEvent,carol-eng,carol-eng/project-03,tech-corp,2024-01-22,2024-01-22T12:46:00Z
1872,PushEvent,carol-eng,carol-eng/project-03,tech-corp,2024-01-22,2024-01-22T22:48:00Z
1873,PushEvent,carol-eng,carol-eng/project-03,tech-corp,2024-01-22,2024-01-22T14:19:00Z
1874,PushEvent,carol-eng,carol-eng/project-03,tech-corp,2024-01-22,2024-01-22T17:17:00Z
1875,PushEvent,carol-eng,carol-eng/project-03,tech-corp,2024-01-22,2024-01-22T01:03:00Z
1876,PushEvent,carol-eng,carol-eng/project-03,tech-corp,2024-01-22,2024-01-22T00:35:00Z
1877,PushEvent,carol-eng,carol-eng/project-03,tech-corp,2024-01-22,2024-01-22T17:36:00Z
1878,PushEvent,carol-eng,carol-eng/project-03,tech-corp,2024-01-22,2024-01-22T18:46:00Z
1879,PushEvent,carol-eng,carol-eng/project-03,tech-corp,2024-01-22,2024-01-22T07:19:00Z
1880,PushEvent,carol-eng,carol-eng/project-03,tech-corp,2024-01-22,2024-01-22T16:32:00Z
1881,PushEvent,carol-eng,carol-eng/project-03,tech-corp,2024-01-22,2024-01-22T11:57:00Z
1882,PushEvent,carol-eng,carol-eng/project-03,tech-corp,2024-01-22,2024-01-22T18:14:00Z
1883,PushEvent,carol-eng,carol-eng/project-03,tech-corp,2024-01-22,2024-01-22T08:38:00Z
1884,PushEvent,carol-eng,carol-eng/project-03,tech-corp,2024-01-22,2024-01-22T01:28:00Z
1885,PushEvent,carol-eng,carol-eng/project-03,tech-corp,2024-01-22,2024-01-22T08:09:00Z
1886,PullRequestEvent,carol-eng,carol-eng/project-03,tech-corp,2024-01-22,2024-01-22T18:10:00Z
1887,PullRequestEvent,carol-eng,carol-eng/project-03,tech-corp,2024-01-22,2024-01-22T12:09:00Z
1888,PullRequestEvent,carol-eng,carol-eng/project-03,tech-corp,2024-01-22,2024-01-22T13:17:00Z
1889,IssuesEvent,carol-eng,carol-eng/project-03,tech-corp,2024-01-22,2024-01-22T21:08:00Z
1890,IssuesEvent,carol-eng,carol-eng/project-03,tech-corp,2024-01-22,2024-01-22T06:27:00Z
1891,IssuesEvent,carol-eng,carol-eng/project-03,tech-corp,2024-01-22,2024-01-22T02:19:00Z
1892,PushEvent,github-actions[bot],github-actions[bot]/project-01,0,2024-01-22,2024-01-22T20:01:00Z
1893,PushEvent,github-actions[bot],github-actions[bot]/project-01,0,2024-01-22,2024-01-22T05:02:00Z
1894,PushEvent,github-actions[bot],github-actions[bot]/project-01,0,2024-01-22,2024-01-22T15:29:00Z
1895,PullRequestEvent,github-actions[bot],github-actions[bot]/project-01,0,2024-01-22,2024-01-22T01:16:00Z
1896,PullRequestEvent,github-actions[bot],github-actions[bot]/project-01,0,2024-01-22,2024-01-22T08:11:00Z
1897,PullRequestEvent,github-actions[bot],github-actions[bot]/project-01,0,2024-01-22,2024-01-22T02:42:00Z
1898,PullRequestEvent,github-actions[bot],github-actions[bot]/project-01,0,2024-01-22,2024-01-22T00:54:00Z
1899,PullRequestEvent,github-actions[bot],github-actions[bot]/project-01,0,2024-01-22,2024-01-22T12:14:00Z
1900,PullRequestEvent,github-actions[bot],github-actions[bot]/project-01,0,2024-01-22,2024-01-22T04:20:00Z
1901,PullRequestEvent,github-actions[bot],github-actions[bot]/project-01,0,2024-01-22,2024-01-22T16:30:00Z
1902,PullRequestEvent,github-actions[bot],github-actions[bot]/project-01,0,2024-01-22,2024-01-22T22:23:00Z
1903,PullRequestEvent,github-actions[bot],github-actions[bot]/project-01,0,2024-01-22,2024-01-22T05:27:00Z
1904,IssuesEvent,github-actions[bot],github-actions[bot]/project-01,0,2024-01-22,2024-01-22T21:42:00Z
1905,IssuesEvent,github-actions[bot],github-actions[bot]/project-01,0,2024-01-22,2024-01-22T17:35:00Z
1906,IssuesEvent,github-actions[bot],github-actions[bot]/project-01,0,2024-01-22,2024-01-22T02:44:00Z
1907,IssuesEvent,github-actions[bot],github-actions[bot]/project-01,0,2024-01-22,2024-01-22T22:08:00Z
1908,IssuesEvent,github-actions[bot],github-actions[bot]/project-01,0,2024-01-22,2024-01-22T20:37:00Z
1909,PushEvent,github-actions[bot],github-actions[bot]/project-02,0,2024-01-22,2024-01-22T11:33:00Z
1910,PushEvent,github-actions[bot],github-actions[bot]/project-02,0,2024-01-22,2024-01-22T02:02:00Z
1911,PushEvent,github-actions[bot],github-actions[bot]/project-02,0,2024-01-22,2024-01-22T11:14:00Z
1912,PushEvent,github-actions[bot],github-actions[bot]/project-02,0,2024-01-22,2024-01-22T08:22:00Z
1913,PushEvent,github-actions[bot],github-actions[bot]/project-02,0,2024-01-22,2024-01-22T07:10:00Z
1914,PullRequestEvent,github-actions[bot],github-actions[bot]/project-02,0,2024-01-22,2024-01-22T21:35:00Z
1915,PullRequestEvent,github-actions[bot],github-actions[bot]/project-02,0,2024-01-22,2024-01-22T00:23:00Z
1916,PullRequestEvent,github-actions[bot],github-actions[bot]/project-02,0,2024-01-22,2024-01-22T06:33:00Z
1917,PullRequestEvent,github-actions[bot],github-actions[bot]/project-02,0,2024-01-22,2024-01-22T23:27:00Z
1918,PullRequestEvent,github-actions[bot],github-actions[bot]/project-02,0,2024-01-22,2024-01-22T04:06:00Z
1919,PullRequestEvent,github-actions[bot],github-actions[bot]/project-02,0,2024-01-22,2024-01-22T03:36:00Z
1920,PullRequestEvent,github-actions[bot],github-actions[bot]/project-02,0,2024-01-22,2024-01-22T23:00:00Z
1921,PullRequestEvent,github-actions[bot],github-actions[bot]/project-02,0,2024-01-22,2024-01-22T00:46:00Z
1922,PullRequestEvent,github-actions[bot],github-actions[bot]/project-02,0,2024-01-22,2024-01-22T19:18:00Z
1923,PullRequestEvent,github-actions[bot],github-actions[bot]/project-02,0,2024-01-22,2024-01-22T09:59:00Z
1924,PullRequestEvent,github-actions[bot],github-actions[bot]/project-02,0,2024-01-22,2024-01-22T17:27:00Z
1925,IssuesEvent,github-actions[bot],github-actions[bot]/project-02,0,2024-01-22,2024-01-22T10:46:00Z
1926,IssuesEvent,github-actions[bot],github-actions[bot]/project-02,0,2024-01-22,2024-01-22T10:48:00Z
1927,IssuesEvent,github-actions[bot],github-actions[bot]/project-02,0,2024-01-22,2024-01-22T16:37:00Z
1928,PushEvent,github-actions[bot],github-actions[bot]/project-03,0,2024-01-22,2024-01-22T07:33:00Z
1929,PushEvent,github-actions[bot],github-actions[bot]/project-03,0,2024-01-22,2024-01-22T15:51:00Z
1930,PullRequestEvent,github-actions[bot],github-actions[bot]/project-03,0,2024-01-22,2024-01-22T11:37:00Z
1931,PullRequestEvent,github-actions[bot],github-actions[bot]/project-03,0,2024-01-22,2024-01-22T00:30:00Z
1932,PullRequestEvent,github-actions[bot],github-actions[bot]/project-03,0,2024-01-22,2024-01-22T03:48:00Z
1933,PullRequestEvent,github-actions[bot],github-actions[bot]/project-03,0,2024-01-22,2024-01-22T12:49:00Z
1934,PullRequestEvent,github-actions[bot],github-actions[bot]/project-03,0,2024-01-22,2024-01-22T04:29:00Z
1935,PullRequestEvent,github-actions[bot],github-actions[bot]/project-03,0,2024-01-22,2024-01-22T23:23:00Z
1936,PullRequestEvent,github-actions[bot],github-actions[bot]/project-03,0,2024-01-22,2024-01-22T02:10:00Z
1937,PullRequestEvent,github-actions[bot],github-actions[bot]/project-03,0,2024-01-22,2024-01-22T12:03:00Z
1938,PullRequestEvent,github-actions[bot],github-actions[bot]/project-03,0,2024-01-22,2024-01-22T13:53:00Z
1939,IssuesEvent,github-actions[bot],github-actions[bot]/project-03,0,2024-01-22,2024-01-22T09:50:00Z
1940,IssuesEvent,github-actions[bot],github-actions[bot]/project-03,0,2024-01-22,2024-01-22T17:05:00Z
1941,IssuesEvent,github-actions[bot],github-actions[bot]/project-03,0,2024-01-22,2024-01-22T14:52:00Z
1942,PushEvent,dependabot[bot],dependabot[bot]/project-01,0,2024-01-22,2024-01-22T04:57:00Z
1943,PushEvent,dependabot[bot],dependabot[bot]/project-01,0,2024-01-22,2024-01-22T04:41:00Z
1944,PushEvent,dependabot[bot],dependabot[bot]/project-01,0,2024-01-22,2024-01-22T04:34:00Z
1945,PushEvent,dependabot[bot],dependabot[bot]/project-01,0,2024-01-22,2024-01-22T22:05:00Z
1946,PushEvent,dependabot[bot],dependabot[bot]/project-01,0,2024-01-22,2024-01-22T03:17:00Z
1947,PushEvent,dependabot[bot],dependabot[bot]/project-01,0,2024-01-22,2024-01-22T08:48:00Z
1948,PushEvent,dependabot[bot],dependabot[bot]/project-01,0,2024-01-22,2024-01-22T12:58:00Z
1949,PushEvent,dependabot[bot],dependabot[bot]/project-01,0,2024-01-22,2024-01-22T14:51:00Z
1950,PushEvent,dependabot[bot],dependabot[bot]/project-01,0,2024-01-22,2024-01-22T16:44:00Z
1951,PushEvent,dependabot[bot],dependabot[bot]/project-01,0,2024-01-22,2024-01-22T15:21:00Z
1952,PushEvent,dependabot[bot],dependabot[bot]/project-01,0,2024-01-22,2024-01-22T03:04:00Z
1953,PushEvent,dependabot[bot],dependabot[bot]/project-01,0,2024-01-22,2024-01-22T04:40:00Z
1954,PushEvent,dependabot[bot],dependabot[bot]/project-01,0,2024-01-22,2024-01-22T16:12:00Z
1955,PushEvent,dependabot[bot],dependabot[bot]/project-01,0,2024-01-22,2024-01-22T01:44:00Z
1956,PushEvent,dependabot[bot],dependabot[bot]/project-01,0,2024-01-22,2024-01-22T21:52:00Z
1957,PushEvent,dependabot[bot],dependabot[bot]/project-01,0,2024-01-22,2024-01-22T22:50:00Z
1958,PushEvent,dependabot[bot],dependabot[bot]/project-01,0,2024-01-22,2024-01-22T02:41:00Z
1959,PushEvent,dependabot[bot],dependabot[bot]/project-01,0,2024-01-22,2024-01-22T01:31:00Z
1960,PushEvent,dependabot[bot],dependabot[bot]/project-01,0,2024-01-22,2024-01-22T12:50:00Z
1961,PushEvent,dependabot[bot],dependabot[bot]/project-01,0,2024-01-22,2024-01-22T16:20:00Z
1962,PushEvent,dependabot[bot],dependabot[bot]/project-01,0,2024-01-22,2024-01-22T13:43:00Z
1963,PushEvent,dependabot[bot],dependabot[bot]/project-01,0,2024-01-22,2024-01-22T20:43:00Z
1964,PushEvent,dependabot[bot],dependabot[bot]/project-01,0,2024-01-22,2024-01-22T10:38:00Z
1965,PushEvent,dependabot[bot],dependabot[bot]/project-01,0,2024-01-22,2024-01-22T03:50:00Z
1966,PushEvent,dependabot[bot],dependabot[bot]/project-01,0,2024-01-22,2024-01-22T00:27:00Z
1967,PushEvent,dependabot[bot],dependabot[bot]/project-01,0,2024-01-22,2024-01-22T23:34:00Z
1968,PushEvent,dependabot[bot],dependabot[bot]/project-01,0,2024-01-22,2024-01-22T12:46:00Z
1969,PushEvent,dependabot[bot],dependabot[bot]/project-01,0,2024-01-22,2024-01-22T01:10:00Z
1970,PushEvent,dependabot[bot],dependabot[bot]/project-01,0,2024-01-22,2024-01-22T03:50:00Z
1971,PullRequestEvent,dependabot[bot],dependabot[bot]/project-01,0,2024-01-22,2024-01-22T02:59:00Z
1972,PullRequestEvent,dependabot[bot],dependabot[bot]/project-01,0,2024-01-22,2024-01-22T17:39:00Z
1973,IssuesEvent,dependabot[bot],dependabot[bot]/project-01,0,2024-01-22,2024-01-22T23:57:00Z
1974,IssuesEvent,dependabot[bot],dependabot[bot]/project-01,0,2024-01-22,2024-01-22T18:36:00Z
1975,IssuesEvent,dependabot[bot],dependabot[bot]/project-01,0,2024-01-22,2024-01-22T06:20:00Z
1976,IssuesEvent,dependabot[bot],dependabot[bot]/project-01,0,2024-01-22,2024-01-22T07:27:00Z
1977,IssuesEvent,dependabot[bot],dependabot[bot]/project-01,0,2024-01-22,2024-01-22T04:16:00Z
1978,IssuesEvent,dependabot[bot],dependabot[bot]/project-01,0,2024-01-22,2024-01-22T04:35:00Z
1979,PushEvent,dependabot[bot],dependabot[bot]/project-02,0,2024-01-22,2024-01-22T18:26:00Z
1980,PushEvent,dependabot[bot],dependabot[bot]/project-02,0,2024-01-22,2024-01-22T20:33:00Z
1981,PushEvent,dependabot[bot],dependabot[bot]/project-02,0,2024-01-22,2024-01-22T10:53:00Z
1982,PushEvent,dependabot[bot],dependabot[bot]/project-02,0,2024-01-22,2024-01-22T12:46:00Z
1983,PushEvent,dependabot[bot],dependabot[bot]/project-02,0,2024-01-22,2024-01-22T11:53:00Z
1984,PushEvent,dependabot[bot],dependabot[bot]/project-02,0,2024-01-22,2024-01-22T20:53:00Z
1985,PushEvent,dependabot[bot],dependabot[bot]/project-02,0,2024-01-22,2024-01-22T10:38:00Z
1986,PushEvent,dependabot[bot],dependabot[bot]/project-02,0,2024-01-22,2024-01-22T04:16:00Z
1987,PushEvent,dependabot[bot],dependabot[bot]/project-02,0,2024-01-22,2024-01-22T23:19:00Z
1988,PushEvent,dependabot[bot],dependabot[bot]/project-02,0,2024-01-22,2024-01-22T08:45:00Z
1989,PushEvent,dependabot[bot],dependabot[bot]/project-02,0,2024-01-22,2024-01-22T11:05:00Z
1990,PushEvent,dependabot[bot],dependabot[bot]/project-02,0,2024-01-22,2024-01-22T16:50:00Z
1991,PushEvent,dependabot[bot],dependabot[bot]/project-02,0,2024-01-22,2024-01-22T18:25:00Z
1992,PushEvent,dependabot[bot],dependabot[bot]/project-02,0,2024-01-22,2024-01-22T15:43:00Z
1993,PushEvent,dependabot[bot],dependabot[bot]/project-02,0,2024-01-22,2024-01-22T11:51:00Z
1994,PushEvent,dependabot[bot],dependabot[bot]/project-02,0,2024-01-22,2024-01-22T05:54:00Z
1995,PushEvent,dependabot[bot],dependabot[bot]/project-02,0,2024-01-22,2024-01-22T03:37:00Z
1996,PushEvent,dependabot[bot],dependabot[bot]/project-02,0,2024-01-22,2024-01-22T10:32:00Z
1997,PushEvent,dependabot[bot],dependabot[bot]/project-02,0,2024-01-22,2024-01-22T23:22:00Z
1998,PushEvent,dependabot[bot],dependabot[bot]/project-02,0,2024-01-22,2024-01-22T14:26:00Z
1999,PushEvent,dependabot[bot],dependabot[bot]/project-02,0,2024-01-22,2024-01-22T10:56:00Z
2000,PushEvent,dependabot[bot],dependabot[bot]/project-02,0,2024-01-22,2024-01-22T18:49:00Z
2001,PushEvent,dependabot[bot],dependabot[bot]/project-02,0,2024-01-22,2024-01-22T16:50:00Z
2002,PushEvent,dependabot[bot],dependabot[bot]/project-02,0,2024-01-22,2024-01-22T20:13:00Z
2003,PushEvent,dependabot[bot],dependabot[bot]/project-02,0,2024-01-22,2024-01-22T17:27:00Z
2004,PushEvent,dependabot[bot],dependabot[bot]/project-02,0,2024-01-22,2024-01-22T18:46:00Z
2005,PushEvent,dependabot[bot],dependabot[bot]/project-02,0,2024-01-22,2024-01-22T14:03:00Z
2006,PushEvent,dependabot[bot],dependabot[bot]/project-02,0,2024-01-22,2024-01-22T06:44:00Z
2007,PushEvent,dependabot[bot],dependabot[bot]/project-02,0,2024-01-22,2024-01-22T02:47:00Z
2008,PushEvent,dependabot[bot],dependabot[bot]/project-02,0,2024-01-22,2024-01-22T08:07:00Z
2009,PushEvent,dependabot[bot],dependabot[bot]/project-02,0,2024-01-22,2024-01-22T19:44:00Z
2010,PushEvent,dependabot[bot],dependabot[bot]/project-02,0,2024-01-22,2024-01-22T16:16:00Z
2011,PushEvent,dependabot[bot],dependabot[bot]/project-02,0,2024-01-22,2024-01-22T16:32:00Z
2012,PushEvent,dependabot[bot],dependabot[bot]/project-02,0,2024-01-22,2024-01-22T07:18:00Z
2013,PullRequestEvent,dependabot[bot],dependabot[bot]/project-02,0,2024-01-22,2024-01-22T02:58:00Z
2014,PullRequestEvent,dependabot[bot],dependabot[bot]/project-02,0,2024-01-22,2024-01-22T04:12:00Z
2015,PullRequestEvent,dependabot[bot],dependabot[bot]/project-02,0,2024-01-22,2024-01-22T14:45:00Z
2016,PullRequestEvent,dependabot[bot],dependabot[bot]/project-02,0,2024-01-22,2024-01-22T22:15:00Z
2017,PullRequestEvent,dependabot[bot],dependabot[bot]/project-02,0,2024-01-22,2024-01-22T17:31:00Z
2018,PullRequestEvent,dependabot[bot],dependabot[bot]/project-02,0,2024-01-22,2024-01-22T21:28:00Z
2019,PullRequestEvent,dependabot[bot],dependabot[bot]/project-02,0,2024-01-22,2024-01-22T21:42:00Z
2020,IssuesEvent,dependabot[bot],dependabot[bot]/project-02,0,2024-01-22,2024-01-22T21:09:00Z
2021,IssuesEvent,dependabot[bot],dependabot[bot]/project-02,0,2024-01-22,2024-01-22T09:20:00Z
2022,IssuesEvent,dependabot[bot],dependabot[bot]/project-02,0,2024-01-22,2024-01-22T15:11:00Z
2023,PushEvent,dependabot[bot],dependabot[bot]/project-03,0,2024-01-22,2024-01-22T08:23:00Z
2024,PushEvent,dependabot[bot],dependabot[bot]/project-03,0,2024-01-22,2024-01-22T02:55:00Z
2025,PushEvent,dependabot[bot],dependabot[bot]/project-03,0,2024-01-22,2024-01-22T14:34:00Z
2026,PushEvent,dependabot[bot],dependabot[bot]/project-03,0,2024-01-22,2024-01-22T18:49:00Z
2027,PushEvent,dependabot[bot],dependabot[bot]/project-03,0,2024-01-22,2024-01-22T07:25:00Z
2028,PushEvent,dependabot[bot],dependabot[bot]/project-03,0,2024-01-22,2024-01-22T16:39:00Z
2029,PushEvent,dependabot[bot],dependabot[bot]/project-03,0,2024-01-22,2024-01-22T06:29:00Z
2030,PushEvent,dependabot[bot],dependabot[bot]/project-03,0,2024-01-22,2024-01-22T06:02:00Z
2031,PushEvent,dependabot[bot],dependabot[bot]/project-03,0,2024-01-22,2024-01-22T00:35:00Z
2032,PushEvent,dependabot[bot],dependabot[bot]/project-03,0,2024-01-22,2024-01-22T04:00:00Z
2033,PushEvent,dependabot[bot],dependabot[bot]/project-03,0,2024-01-22,2024-01-22T14:36:00Z
2034,PushEvent,dependabot[bot],dependabot[bot]/project-03,0,2024-01-22,2024-01-22T12:39:00Z
2035,PushEvent,dependabot[bot],dependabot[bot]/project-03,0,2024-01-22,2024-01-22T07:04:00Z
2036,PullRequestEvent,dependabot[bot],dependabot[bot]/project-03,0,2024-01-22,2024-01-22T00:35:00Z
2037,PullRequestEvent,dependabot[bot],dependabot[bot]/project-03,0,2024-01-22,2024-01-22T02:01:00Z
2038,PullRequestEvent,dependabot[bot],dependabot[bot]/project-03,0,2024-01-22,2024-01-22T07:22:00Z
2039,PullRequestEvent,dependabot[bot],dependabot[bot]/project-03,0,2024-01-22,2024-01-22T08:33:00Z
2040,PullRequestEvent,dependabot[bot],dependabot[bot]/project-03,0,2024-01-22,2024-01-22T13:13:00Z
2041,PullRequestEvent,dependabot[bot],dependabot[bot]/project-03,0,2024-01-22,2024-01-22T03:29:00Z
2042,PullRequestEvent,dependabot[bot],dependabot[bot]/project-03,0,2024-01-22,2024-01-22T05:10:00Z
2043,PullRequestEvent,dependabot[bot],dependabot[bot]/project-03,0,2024-01-22,2024-01-22T02:07:00Z
2044,PullRequestEvent,dependabot[bot],dependabot[bot]/project-03,0,2024-01-22,2024-01-22T02:13:00Z
2045,PullRequestEvent,dependabot[bot],dependabot[bot]/project-03,0,2024-01-22,2024-01-22T12:44:00Z
2046,IssuesEvent,dependabot[bot],dependabot[bot]/project-03,0,2024-01-22,2024-01-22T12:18:00Z
2047,IssuesEvent,dependabot[bot],dependabot[bot]/project-03,0,2024-01-22,2024-01-22T05:15:00Z
2048,PushEvent,frank-ops,frank-ops/project-01,startup-co,2024-01-22,2024-01-22T16:54:00Z
2049,PushEvent,frank-ops,frank-ops/project-01,startup-co,2024-01-22,2024-01-22T01:41:00Z
2050,PushEvent,frank-ops,frank-ops/project-01,startup-co,2024-01-22,2024-01-22T15:37:00Z
2051,PushEvent,frank-ops,frank-ops/project-01,startup-co,2024-01-22,2024-01-22T01:01:00Z
2052,PushEvent,frank-ops,frank-ops/project-01,startup-co,2024-01-22,2024-01-22T12:55:00Z
2053,PushEvent,frank-ops,frank-ops/project-01,startup-co,2024-01-22,2024-01-22T14:30:00Z
2054,PushEvent,frank-ops,frank-ops/project-01,startup-co,2024-01-22,2024-01-22T01:38:00Z
2055,PushEvent,frank-ops,frank-ops/project-01,startup-co,2024-01-22,2024-01-22T02:07:00Z
2056,PushEvent,frank-ops,frank-ops/project-01,startup-co,2024-01-22,2024-01-22T22:13:00Z
2057,PushEvent,frank-ops,frank-ops/project-01,startup-co,2024-01-22,2024-01-22T23:54:00Z
2058,PushEvent,frank-ops,frank-ops/project-01,startup-co,2024-01-22,2024-01-22T21:28:00Z
2059,PushEvent,frank-ops,frank-ops/project-01,startup-co,2024-01-22,2024-01-22T06:52:00Z
2060,PushEvent,frank-ops,frank-ops/project-01,startup-co,2024-01-22,2024-01-22T06:00:00Z
2061,PushEvent,frank-ops,frank-ops/project-01,startup-co,2024-01-22,2024-01-22T16:40:00Z
2062,PushEvent,frank-ops,frank-ops/project-01,startup-co,2024-01-22,2024-01-22T20:12:00Z
2063,PushEvent,frank-ops,frank-ops/project-01,startup-co,2024-01-22,2024-01-22T20:18:00Z
2064,PushEvent,frank-ops,frank-ops/project-01,startup-co,2024-01-22,2024-01-22T20:18:00Z
2065,PushEvent,frank-ops,frank-ops/project-01,startup-co,2024-01-22,2024-01-22T21:30:00Z
2066,PushEvent,frank-ops,frank-ops/project-01,startup-co,2024-01-22,2024-01-22T16:54:00Z
2067,PushEvent,frank-ops,frank-ops/project-01,startup-co,2024-01-22,2024-01-22T22:31:00Z
2068,PushEvent,frank-ops,frank-ops/project-01,startup-co,2024-01-22,2024-01-22T09:09:00Z
2069,PushEvent,frank-ops,frank-ops/project-01,startup-co,2024-01-22,2024-01-22T03:07:00Z
2070,PushEvent,frank-ops,frank-ops/project-01,startup-co,2024-01-22,2024-01-22T21:51:00Z
2071,PushEvent,frank-ops,frank-ops/project-01,startup-co,2024-01-22,2024-01-22T19:31:00Z
2072,PushEvent,frank-ops,frank-ops/project-01,startup-co,2024-01-22,2024-01-22T17:13:00Z
2073,PushEvent,frank-ops,frank-ops/project-01,startup-co,2024-01-22,2024-01-22T17:27:00Z
2074,PushEvent,frank-ops,frank-ops/project-01,startup-co,2024-01-22,2024-01-22T13:51:00Z
2075,PushEvent,frank-ops,frank-ops/project-01,startup-co,2024-01-22,2024-01-22T20:23:00Z
2076,PullRequestEvent,frank-ops,frank-ops/project-01,startup-co,2024-01-22,2024-01-22T03:12:00Z
2077,PullRequestEvent,frank-ops,frank-ops/project-01,startup-co,2024-01-22,2024-01-22T22:07:00Z
2078,PullRequestEvent,frank-ops,frank-ops/project-01,startup-co,2024-01-22,2024-01-22T17:11:00Z
2079,PullRequestEvent,frank-ops,frank-ops/project-01,startup-co,2024-01-22,2024-01-22T22:30:00Z
2080,PullRequestEvent,frank-ops,frank-ops/project-01,startup-co,2024-01-22,2024-01-22T13:33:00Z
2081,PullRequestEvent,frank-ops,frank-ops/project-01,startup-co,2024-01-22,2024-01-22T17:55:00Z
2082,PullRequestEvent,frank-ops,frank-ops/project-01,startup-co,2024-01-22,2024-01-22T01:10:00Z
2083,IssuesEvent,frank-ops,frank-ops/project-01,startup-co,2024-01-22,2024-01-22T11:48:00Z
2084,PushEvent,frank-ops,frank-ops/project-02,startup-co,2024-01-22,2024-01-22T16:57:00Z
2085,PushEvent,frank-ops,frank-ops/project-02,startup-co,2024-01-22,2024-01-22T17:31:00Z
2086,PushEvent,frank-ops,frank-ops/project-02,startup-co,2024-01-22,2024-01-22T21:37:00Z
2087,PushEvent,frank-ops,frank-ops/project-02,startup-co,2024-01-22,2024-01-22T16:22:00Z
2088,PushEvent,frank-ops,frank-ops/project-02,startup-co,2024-01-22,2024-01-22T23:49:00Z
2089,PushEvent,frank-ops,frank-ops/project-02,startup-co,2024-01-22,2024-01-22T07:40:00Z
2090,PushEvent,frank-ops,frank-ops/project-02,startup-co,2024-01-22,2024-01-22T05:04:00Z
2091,PushEvent,frank-ops,frank-ops/project-02,startup-co,2024-01-22,2024-01-22T11:56:00Z
2092,PushEvent,frank-ops,frank-ops/project-02,startup-co,2024-01-22,2024-01-22T10:56:00Z
2093,PushEvent,frank-ops,frank-ops/project-02,startup-co,2024-01-22,2024-01-22T00:42:00Z
2094,PushEvent,frank-ops,frank-ops/project-02,startup-co,2024-01-22,2024-01-22T18:08:00Z
2095,PushEvent,frank-ops,frank-ops/project-02,startup-co,2024-01-22,2024-01-22T01:43:00Z
2096,PushEvent,frank-ops,frank-ops/project-02,startup-co,2024-01-22,2024-01-22T03:35:00Z
2097,PushEvent,frank-ops,frank-ops/project-02,startup-co,2024-01-22,2024-01-22T17:14:00Z
2098,PushEvent,frank-ops,frank-ops/project-02,startup-co,2024-01-22,2024-01-22T18:12:00Z
2099,PushEvent,frank-ops,frank-ops/project-02,startup-co,2024-01-22,2024-01-22T18:48:00Z
2100,PushEvent,frank-ops,frank-ops/project-02,startup-co,2024-01-22,2024-01-22T05:47:00Z
2101,PushEvent,frank-ops,frank-ops/project-02,startup-co,2024-01-22,2024-01-22T23:11:00Z
2102,PullRequestEvent,frank-ops,frank-ops/project-02,startup-co,2024-01-22,2024-01-22T04:16:00Z
2103,PullRequestEvent,frank-ops,frank-ops/project-02,startup-co,2024-01-22,2024-01-22T22:25:00Z
2104,PullRequestEvent,frank-ops,frank-ops/project-02,startup-co,2024-01-22,2024-01-22T00:59:00Z
2105,PullRequestEvent,frank-ops,frank-ops/project-02,startup-co,2024-01-22,2024-01-22T23:54:00Z
2106,IssuesEvent,frank-ops,frank-ops/project-02,startup-co,2024-01-22,2024-01-22T14:22:00Z
2107,IssuesEvent,frank-ops,frank-ops/project-02,startup-co,2024-01-22,2024-01-22T20:20:00Z
2108,PushEvent,frank-ops,frank-ops/project-03,startup-co,2024-01-22,2024-01-22T12:36:00Z
2109,PushEvent,frank-ops,frank-ops/project-03,startup-co,2024-01-22,2024-01-22T00:23:00Z
2110,PushEvent,frank-ops,frank-ops/project-03,startup-co,2024-01-22,2024-01-22T11:10:00Z
2111,PushEvent,frank-ops,frank-ops/project-03,startup-co,2024-01-22,2024-01-22T16:03:00Z
2112,PushEvent,frank-ops,frank-ops/project-03,startup-co,2024-01-22,2024-01-22T14:24:00Z
2113,PushEvent,frank-ops,frank-ops/project-03,startup-co,2024-01-22,2024-01-22T08:20:00Z
2114,PushEvent,frank-ops,frank-ops/project-03,startup-co,2024-01-22,2024-01-22T19:18:00Z
2115,PushEvent,frank-ops,frank-ops/project-03,startup-co,2024-01-22,2024-01-22T18:11:00Z
2116,PushEvent,frank-ops,frank-ops/project-03,startup-co,2024-01-22,2024-01-22T04:41:00Z
2117,PushEvent,frank-ops,frank-ops/project-03,startup-co,2024-01-22,2024-01-22T16:36:00Z
2118,PushEvent,frank-ops,frank-ops/project-03,startup-co,2024-01-22,2024-01-22T21:47:00Z
2119,PushEvent,frank-ops,frank-ops/project-03,startup-co,2024-01-22,2024-01-22T06:27:00Z
2120,PushEvent,frank-ops,frank-ops/project-03,startup-co,2024-01-22,2024-01-22T08:34:00Z
2121,PushEvent,frank-ops,frank-ops/project-03,startup-co,2024-01-22,2024-01-22T14:47:00Z
2122,PushEvent,frank-ops,frank-ops/project-03,startup-co,2024-01-22,2024-01-22T17:13:00Z
2123,PushEvent,frank-ops,frank-ops/project-03,startup-co,2024-01-22,2024-01-22T02:43:00Z
2124,PushEvent,frank-ops,frank-ops/project-03,startup-co,2024-01-22,2024-01-22T08:59:00Z
2125,PushEvent,frank-ops,frank-ops/project-03,startup-co,2024-01-22,2024-01-22T06:40:00Z
2126,PushEvent,frank-ops,frank-ops/project-03,startup-co,2024-01-22,2024-01-22T12:17:00Z
2127,PushEvent,frank-ops,frank-ops/project-03,startup-co,2024-01-22,2024-01-22T04:12:00Z
2128,PushEvent,frank-ops,frank-ops/project-03,startup-co,2024-01-22,2024-01-22T03:30:00Z
2129,PushEvent,frank-ops,frank-ops/project-03,startup-co,2024-01-22,2024-01-22T01:15:00Z
2130,PushEvent,frank-ops,frank-ops/project-03,startup-co,2024-01-22,2024-01-22T08:08:00Z
2131,PushEvent,frank-ops,frank-ops/project-03,startup-co,2024-01-22,2024-01-22T05:10:00Z
2132,PushEvent,frank-ops,frank-ops/project-03,startup-co,2024-01-22,2024-01-22T21:55:00Z
2133,PushEvent,frank-ops,frank-ops/project-03,startup-co,2024-01-22,2024-01-22T21:32:00Z
2134,PushEvent,frank-ops,frank-ops/project-03,startup-co,2024-01-22,2024-01-22T03:44:00Z
2135,PushEvent,frank-ops,frank-ops/project-03,startup-co,2024-01-22,2024-01-22T22:44:00Z
2136,PushEvent,frank-ops,frank-ops/project-03,startup-co,2024-01-22,2024-01-22T12:33:00Z
2137,PushEvent,frank-ops,frank-ops/project-03,startup-co,2024-01-22,2024-01-22T08:23:00Z
2138,PullRequestEvent,frank-ops,frank-ops/project-03,startup-co,2024-01-22,2024-01-22T06:35:00Z
2139,PullRequestEvent,frank-ops,frank-ops/project-03,startup-co,2024-01-22,2024-01-22T17:02:00Z
2140,PullRequestEvent,frank-ops,frank-ops/project-03,startup-co,2024-01-22,2024-01-22T05:43:00Z
2141,PullRequestEvent,frank-ops,frank-ops/project-03,startup-co,2024-01-22,2024-01-22T11:20:00Z
2142,PullRequestEvent,frank-ops,frank-ops/project-03,startup-co,2024-01-22,2024-01-22T07:53:00Z
2143,PullRequestEvent,frank-ops,frank-ops/project-03,startup-co,2024-01-22,2024-01-22T21:00:00Z
2144,PullRequestEvent,frank-ops,frank-ops/project-03,startup-co,2024-01-22,2024-01-22T03:20:00Z
2145,PullRequestEvent,frank-ops,frank-ops/project-03,startup-co,2024-01-22,2024-01-22T10:34:00Z
2146,PullRequestEvent,frank-ops,frank-ops/project-03,startup-co,2024-01-22,2024-01-22T12:56:00Z
2147,IssuesEvent,frank-ops,frank-ops/project-03,startup-co,2024-01-22,2024-01-22T21:53:00Z
2148,PushEvent,grace-ml,grace-ml/project-01,startup-co,2024-01-22,2024-01-22T11:46:00Z
2149,PushEvent,grace-ml,grace-ml/project-01,startup-co,2024-01-22,2024-01-22T20:09:00Z
2150,PushEvent,grace-ml,grace-ml/project-01,startup-co,2024-01-22,2024-01-22T13:12:00Z
2151,PushEvent,grace-ml,grace-ml/project-01,startup-co,2024-01-22,2024-01-22T04:37:00Z
2152,PushEvent,grace-ml,grace-ml/project-01,startup-co,2024-01-22,2024-01-22T23:01:00Z
2153,PushEvent,grace-ml,grace-ml/project-01,startup-co,2024-01-22,2024-01-22T21:16:00Z
2154,PushEvent,grace-ml,grace-ml/project-01,startup-co,2024-01-22,2024-01-22T03:13:00Z
2155,PushEvent,grace-ml,grace-ml/project-01,startup-co,2024-01-22,2024-01-22T09:34:00Z
2156,PushEvent,grace-ml,grace-ml/project-01,startup-co,2024-01-22,2024-01-22T02:46:00Z
2157,PushEvent,grace-ml,grace-ml/project-01,startup-co,2024-01-22,2024-01-22T05:16:00Z
2158,PushEvent,grace-ml,grace-ml/project-01,startup-co,2024-01-22,2024-01-22T11:53:00Z
2159,PushEvent,grace-ml,grace-ml/project-01,startup-co,2024-01-22,2024-01-22T19:23:00Z
2160,PushEvent,grace-ml,grace-ml/project-01,startup-co,2024-01-22,2024-01-22T10:24:00Z
2161,PushEvent,grace-ml,grace-ml/project-01,startup-co,2024-01-22,2024-01-22T03:57:00Z
2162,PushEvent,grace-ml,grace-ml/project-01,startup-co,2024-01-22,2024-01-22T05:00:00Z
2163,PushEvent,grace-ml,grace-ml/project-01,startup-co,2024-01-22,2024-01-22T19:54:00Z
2164,PushEvent,grace-ml,grace-ml/project-01,startup-co,2024-01-22,2024-01-22T15:46:00Z
2165,PushEvent,grace-ml,grace-ml/project-01,startup-co,2024-01-22,2024-01-22T16:39:00Z
2166,PushEvent,grace-ml,grace-ml/project-01,startup-co,2024-01-22,2024-01-22T11:26:00Z
2167,PushEvent,grace-ml,grace-ml/project-01,startup-co,2024-01-22,2024-01-22T21:52:00Z
2168,PushEvent,grace-ml,grace-ml/project-01,startup-co,2024-01-22,2024-01-22T09:58:00Z
2169,PushEvent,grace-ml,grace-ml/project-01,startup-co,2024-01-22,2024-01-22T14:29:00Z
2170,PushEvent,grace-ml,grace-ml/project-01,startup-co,2024-01-22,2024-01-22T08:33:00Z
2171,PushEvent,grace-ml,grace-ml/project-01,startup-co,2024-01-22,2024-01-22T04:05:00Z
2172,PushEvent,grace-ml,grace-ml/project-01,startup-co,2024-01-22,2024-01-22T06:31:00Z
2173,PushEvent,grace-ml,grace-ml/project-01,startup-co,2024-01-22,2024-01-22T20:24:00Z
2174,PushEvent,grace-ml,grace-ml/project-01,startup-co,2024-01-22,2024-01-22T00:54:00Z
2175,PushEvent,grace-ml,grace-ml/project-01,startup-co,2024-01-22,2024-01-22T06:51:00Z
2176,PushEvent,grace-ml,grace-ml/project-01,startup-co,2024-01-22,2024-01-22T11:15:00Z
2177,PushEvent,grace-ml,grace-ml/project-01,startup-co,2024-01-22,2024-01-22T15:42:00Z
2178,PushEvent,grace-ml,grace-ml/project-01,startup-co,2024-01-22,2024-01-22T20:35:00Z
2179,PushEvent,grace-ml,grace-ml/project-01,startup-co,2024-01-22,2024-01-22T12:06:00Z
2180,PushEvent,grace-ml,grace-ml/project-01,startup-co,2024-01-22,2024-01-22T03:46:00Z
2181,PushEvent,grace-ml,grace-ml/project-01,startup-co,2024-01-22,2024-01-22T18:08:00Z
2182,PullRequestEvent,grace-ml,grace-ml/project-01,startup-co,2024-01-22,2024-01-22T00:22:00Z
2183,PullRequestEvent,grace-ml,grace-ml/project-01,startup-co,2024-01-22,2024-01-22T23:07:00Z
2184,PullRequestEvent,grace-ml,grace-ml/project-01,startup-co,2024-01-22,2024-01-22T12:21:00Z
2185,PullRequestEvent,grace-ml,grace-ml/project-01,startup-co,2024-01-22,2024-01-22T03:39:00Z
2186,PullRequestEvent,grace-ml,grace-ml/project-01,startup-co,2024-01-22,2024-01-22T02:28:00Z
2187,PullRequestEvent,grace-ml,grace-ml/project-01,startup-co,2024-01-22,2024-01-22T08:28:00Z
2188,PullRequestEvent,grace-ml,grace-ml/project-01,startup-co,2024-01-22,2024-01-22T01:33:00Z
2189,PullRequestEvent,grace-ml,grace-ml/project-01,startup-co,2024-01-22,2024-01-22T12:14:00Z
2190,PullRequestEvent,grace-ml,grace-ml/project-01,startup-co,2024-01-22,2024-01-22T22:43:00Z
2191,IssuesEvent,grace-ml,grace-ml/project-01,startup-co,2024-01-22,2024-01-22T03:25:00Z
2192,IssuesEvent,grace-ml,grace-ml/project-01,startup-co,2024-01-22,2024-01-22T07:08:00Z
2193,PushEvent,grace-ml,grace-ml/project-02,startup-co,2024-01-22,2024-01-22T04:55:00Z
2194,PushEvent,grace-ml,grace-ml/project-02,startup-co,2024-01-22,2024-01-22T19:49:00Z
2195,PushEvent,grace-ml,grace-ml/project-02,startup-co,2024-01-22,2024-01-22T10:14:00Z
2196,PushEvent,grace-ml,grace-ml/project-02,startup-co,2024-01-22,2024-01-22T21:40:00Z
2197,PushEvent,grace-ml,grace-ml/project-02,startup-co,2024-01-22,2024-01-22T16:58:00Z
2198,PushEvent,grace-ml,grace-ml/project-02,startup-co,2024-01-22,2024-01-22T11:06:00Z
2199,PushEvent,grace-ml,grace-ml/project-02,startup-co,2024-01-22,2024-01-22T09:56:00Z
2200,PushEvent,grace-ml,grace-ml/project-02,startup-co,2024-01-22,2024-01-22T09:58:00Z
2201,PushEvent,grace-ml,grace-ml/project-02,startup-co,2024-01-22,2024-01-22T12:18:00Z
2202,PushEvent,grace-ml,grace-ml/project-02,startup-co,2024-01-22,2024-01-22T10:12:00Z
2203,PushEvent,grace-ml,grace-ml/project-02,startup-co,2024-01-22,2024-01-22T20:07:00Z
2204,PushEvent,grace-ml,grace-ml/project-02,startup-co,2024-01-22,2024-01-22T07:03:00Z
2205,PushEvent,grace-ml,grace-ml/project-02,startup-co,2024-01-22,2024-01-22T14:30:00Z
2206,PushEvent,grace-ml,grace-ml/project-02,startup-co,2024-01-22,2024-01-22T10:42:00Z
2207,PushEvent,grace-ml,grace-ml/project-02,startup-co,2024-01-22,2024-01-22T00:48:00Z
2208,PushEvent,grace-ml,grace-ml/project-02,startup-co,2024-01-22,2024-01-22T14:51:00Z
2209,PushEvent,grace-ml,grace-ml/project-02,startup-co,2024-01-22,2024-01-22T05:23:00Z
2210,PushEvent,grace-ml,grace-ml/project-02,startup-co,2024-01-22,2024-01-22T21:59:00Z
2211,PushEvent,grace-ml,grace-ml/project-02,startup-co,2024-01-22,2024-01-22T14:30:00Z
2212,PushEvent,grace-ml,grace-ml/project-02,startup-co,2024-01-22,2024-01-22T08:45:00Z
2213,PushEvent,grace-ml,grace-ml/project-02,startup-co,2024-01-22,2024-01-22T17:25:00Z
2214,PushEvent,grace-ml,grace-ml/project-02,startup-co,2024-01-22,2024-01-22T16:49:00Z
2215,PushEvent,grace-ml,grace-ml/project-02,startup-co,2024-01-22,2024-01-22T04:19:00Z
2216,PushEvent,grace-ml,grace-ml/project-02,startup-co,2024-01-22,2024-01-22T19:40:00Z
2217,PushEvent,grace-ml,grace-ml/project-02,startup-co,2024-01-22,2024-01-22T10:55:00Z
2218,PushEvent,grace-ml,grace-ml/project-02,startup-co,2024-01-22,2024-01-22T21:32:00Z
2219,PushEvent,grace-ml,grace-ml/project-02,startup-co,2024-01-22,2024-01-22T17:37:00Z
2220,PushEvent,grace-ml,grace-ml/project-02,startup-co,2024-01-22,2024-01-22T01:14:00Z
2221,PushEvent,grace-ml,grace-ml/project-02,startup-co,2024-01-22,2024-01-22T20:45:00Z
2222,PushEvent,grace-ml,grace-ml/project-02,startup-co,2024-01-22,2024-01-22T04:05:00Z
2223,PushEvent,grace-ml,grace-ml/project-02,startup-co,2024-01-22,2024-01-22T05:21:00Z
2224,PushEvent,grace-ml,grace-ml/project-02,startup-co,2024-01-22,2024-01-22T17:13:00Z
2225,PushEvent,grace-ml,grace-ml/project-02,startup-co,2024-01-22,2024-01-22T09:45:00Z
2226,PushEvent,grace-ml,grace-ml/project-02,startup-co,2024-01-22,2024-01-22T12:30:00Z
2227,PushEvent,grace-ml,grace-ml/project-02,startup-co,2024-01-22,2024-01-22T02:29:00Z
2228,PullRequestEvent,grace-ml,grace-ml/project-02,startup-co,2024-01-22,2024-01-22T07:43:00Z
2229,PullRequestEvent,grace-ml,grace-ml/project-02,startup-co,2024-01-22,2024-01-22T12:42:00Z
2230,PullRequestEvent,grace-ml,grace-ml/project-02,startup-co,2024-01-22,2024-01-22T11:32:00Z
2231,PullRequestEvent,grace-ml,grace-ml/project-02,startup-co,2024-01-22,2024-01-22T16:47:00Z
2232,PullRequestEvent,grace-ml,grace-ml/project-02,startup-co,2024-01-22,2024-01-22T10:12:00Z
2233,PullRequestEvent,grace-ml,grace-ml/project-02,startup-co,2024-01-22,2024-01-22T17:10:00Z
2234,PullRequestEvent,grace-ml,grace-ml/project-02,startup-co,2024-01-22,2024-01-22T11:05:00Z
2235,IssuesEvent,grace-ml,grace-ml/project-02,startup-co,2024-01-22,2024-01-22T15:03:00Z
2236,PushEvent,grace-ml,grace-ml/project-03,startup-co,2024-01-22,2024-01-22T15:55:00Z
2237,PushEvent,grace-ml,grace-ml/project-03,startup-co,2024-01-22,2024-01-22T11:10:00Z
2238,PushEvent,grace-ml,grace-ml/project-03,startup-co,2024-01-22,2024-01-22T04:24:00Z
2239,PushEvent,grace-ml,grace-ml/project-03,startup-co,2024-01-22,2024-01-22T17:18:00Z
2240,PushEvent,grace-ml,grace-ml/project-03,startup-co,2024-01-22,2024-01-22T22:54:00Z
2241,PushEvent,grace-ml,grace-ml/project-03,startup-co,2024-01-22,2024-01-22T05:53:00Z
2242,PushEvent,grace-ml,grace-ml/project-03,startup-co,2024-01-22,2024-01-22T17:25:00Z
2243,PushEvent,grace-ml,grace-ml/project-03,startup-co,2024-01-22,2024-01-22T05:03:00Z
2244,PushEvent,grace-ml,grace-ml/project-03,startup-co,2024-01-22,2024-01-22T11:50:00Z
2245,PushEvent,grace-ml,grace-ml/project-03,startup-co,2024-01-22,2024-01-22T01:16:00Z
2246,PushEvent,grace-ml,grace-ml/project-03,startup-co,2024-01-22,2024-01-22T10:42:00Z
2247,PushEvent,grace-ml,grace-ml/project-03,startup-co,2024-01-22,2024-01-22T20:15:00Z
2248,PushEvent,grace-ml,grace-ml/project-03,startup-co,2024-01-22,2024-01-22T01:33:00Z
2249,PushEvent,grace-ml,grace-ml/project-03,startup-co,2024-01-22,2024-01-22T22:07:00Z
2250,PushEvent,grace-ml,grace-ml/project-03,startup-co,2024-01-22,2024-01-22T12:41:00Z
2251,PushEvent,grace-ml,grace-ml/project-03,startup-co,2024-01-22,2024-01-22T07:29:00Z
2252,PushEvent,grace-ml,grace-ml/project-03,startup-co,2024-01-22,2024-01-22T03:46:00Z
2253,PushEvent,grace-ml,grace-ml/project-03,startup-co,2024-01-22,2024-01-22T00:42:00Z
2254,PushEvent,grace-ml,grace-ml/project-03,startup-co,2024-01-22,2024-01-22T06:16:00Z
2255,PushEvent,grace-ml,grace-ml/project-03,startup-co,2024-01-22,2024-01-22T19:23:00Z
2256,PushEvent,grace-ml,grace-ml/project-03,startup-co,2024-01-22,2024-01-22T17:21:00Z
2257,PushEvent,grace-ml,grace-ml/project-03,startup-co,2024-01-22,2024-01-22T21:43:00Z
2258,PushEvent,grace-ml,grace-ml/project-03,startup-co,2024-01-22,2024-01-22T08:36:00Z
2259,PushEvent,grace-ml,grace-ml/project-03,startup-co,2024-01-22,2024-01-22T09:35:00Z
2260,PushEvent,grace-ml,grace-ml/project-03,startup-co,2024-01-22,2024-01-22T04:27:00Z
2261,PushEvent,grace-ml,grace-ml/project-03,startup-co,2024-01-22,2024-01-22T09:42:00Z
2262,PullRequestEvent,grace-ml,grace-ml/project-03,startup-co,2024-01-22,2024-01-22T23:41:00Z
2263,PullRequestEvent,grace-ml,grace-ml/project-03,startup-co,2024-01-22,2024-01-22T07:01:00Z
2264,PullRequestEvent,grace-ml,grace-ml/project-03,startup-co,2024-01-22,2024-01-22T22:07:00Z
2265,PullRequestEvent,grace-ml,grace-ml/project-03,startup-co,2024-01-22,2024-01-22T15:26:00Z
2266,PullRequestEvent,grace-ml,grace-ml/project-03,startup-co,2024-01-22,2024-01-22T21:36:00Z
2267,PullRequestEvent,grace-ml,grace-ml/project-03,startup-co,2024-01-22,2024-01-22T02:43:00Z
2268,IssuesEvent,grace-ml,grace-ml/project-03,startup-co,2024-01-22,2024-01-22T12:09:00Z
2269,IssuesEvent,grace-ml,grace-ml/project-03,startup-co,2024-01-22,2024-01-22T03:08:00Z
2270,IssuesEvent,grace-ml,grace-ml/project-03,startup-co,2024-01-22,2024-01-22T21:55:00Z
2271,IssuesEvent,grace-ml,grace-ml/project-03,startup-co,2024-01-22,2024-01-22T22:26:00Z
2272,IssuesEvent,grace-ml,grace-ml/project-03,startup-co,2024-01-22,2024-01-22T01:50:00Z
2273,PushEvent,henry-backend,henry-backend/project-01,tech-corp,2024-01-22,2024-01-22T06:48:00Z
2274,PushEvent,henry-backend,henry-backend/project-01,tech-corp,2024-01-22,2024-01-22T02:19:00Z
2275,PushEvent,henry-backend,henry-backend/project-01,tech-corp,2024-01-22,2024-01-22T19:52:00Z
2276,PushEvent,henry-backend,henry-backend/project-01,tech-corp,2024-01-22,2024-01-22T02:34:00Z
2277,PushEvent,henry-backend,henry-backend/project-01,tech-corp,2024-01-22,2024-01-22T16:38:00Z
2278,PushEvent,henry-backend,henry-backend/project-01,tech-corp,2024-01-22,2024-01-22T13:16:00Z
2279,PushEvent,henry-backend,henry-backend/project-01,tech-corp,2024-01-22,2024-01-22T17:44:00Z
2280,PushEvent,henry-backend,henry-backend/project-01,tech-corp,2024-01-22,2024-01-22T19:28:00Z
2281,PushEvent,henry-backend,henry-backend/project-01,tech-corp,2024-01-22,2024-01-22T19:52:00Z
2282,PushEvent,henry-backend,henry-backend/project-01,tech-corp,2024-01-22,2024-01-22T17:03:00Z
2283,PushEvent,henry-backend,henry-backend/project-01,tech-corp,2024-01-22,2024-01-22T00:49:00Z
2284,PushEvent,henry-backend,henry-backend/project-01,tech-corp,2024-01-22,2024-01-22T00:57:00Z
2285,PushEvent,henry-backend,henry-backend/project-01,tech-corp,2024-01-22,2024-01-22T12:19:00Z
2286,PushEvent,henry-backend,henry-backend/project-01,tech-corp,2024-01-22,2024-01-22T19:22:00Z
2287,PushEvent,henry-backend,henry-backend/project-01,tech-corp,2024-01-22,2024-01-22T09:58:00Z
2288,PushEvent,henry-backend,henry-backend/project-01,tech-corp,2024-01-22,2024-01-22T10:40:00Z
2289,PushEvent,henry-backend,henry-backend/project-01,tech-corp,2024-01-22,2024-01-22T08:04:00Z
2290,PushEvent,henry-backend,henry-backend/project-01,tech-corp,2024-01-22,2024-01-22T00:16:00Z
2291,PushEvent,henry-backend,henry-backend/project-01,tech-corp,2024-01-22,2024-01-22T21:33:00Z
2292,PushEvent,henry-backend,henry-backend/project-01,tech-corp,2024-01-22,2024-01-22T23:44:00Z
2293,PushEvent,henry-backend,henry-backend/project-01,tech-corp,2024-01-22,2024-01-22T08:28:00Z
2294,PushEvent,henry-backend,henry-backend/project-01,tech-corp,2024-01-22,2024-01-22T03:04:00Z
2295,PushEvent,henry-backend,henry-backend/project-01,tech-corp,2024-01-22,2024-01-22T10:55:00Z
2296,PushEvent,henry-backend,henry-backend/project-01,tech-corp,2024-01-22,2024-01-22T18:20:00Z
2297,PushEvent,henry-backend,henry-backend/project-01,tech-corp,2024-01-22,2024-01-22T02:11:00Z
2298,PullRequestEvent,henry-backend,henry-backend/project-01,tech-corp,2024-01-22,2024-01-22T18:18:00Z
2299,PullRequestEvent,henry-backend,henry-backend/project-01,tech-corp,2024-01-22,2024-01-22T12:59:00Z
2300,PullRequestEvent,henry-backend,henry-backend/project-01,tech-corp,2024-01-22,2024-01-22T06:46:00Z
2301,PullRequestEvent,henry-backend,henry-backend/project-01,tech-corp,2024-01-22,2024-01-22T22:06:00Z
2302,PullRequestEvent,henry-backend,henry-backend/project-01,tech-corp,2024-01-22,2024-01-22T07:04:00Z
2303,PullRequestEvent,henry-backend,henry-backend/project-01,tech-corp,2024-01-22,2024-01-22T20:13:00Z
2304,PullRequestEvent,henry-backend,henry-backend/project-01,tech-corp,2024-01-22,2024-01-22T03:22:00Z
2305,PullRequestEvent,henry-backend,henry-backend/project-01,tech-corp,2024-01-22,2024-01-22T09:19:00Z
2306,PullRequestEvent,henry-backend,henry-backend/project-01,tech-corp,2024-01-22,2024-01-22T14:49:00Z
2307,PullRequestEvent,henry-backend,henry-backend/project-01,tech-corp,2024-01-22,2024-01-22T19:44:00Z
2308,PullRequestEvent,henry-backend,henry-backend/project-01,tech-corp,2024-01-22,2024-01-22T07:40:00Z
2309,IssuesEvent,henry-backend,henry-backend/project-01,tech-corp,2024-01-22,2024-01-22T15:38:00Z
2310,IssuesEvent,henry-backend,henry-backend/project-01,tech-corp,2024-01-22,2024-01-22T13:27:00Z
2311,IssuesEvent,henry-backend,henry-backend/project-01,tech-corp,2024-01-22,2024-01-22T13:56:00Z
2312,PushEvent,henry-backend,henry-backend/project-02,tech-corp,2024-01-22,2024-01-22T03:57:00Z
2313,PushEvent,henry-backend,henry-backend/project-02,tech-corp,2024-01-22,2024-01-22T14:34:00Z
2314,PushEvent,henry-backend,henry-backend/project-02,tech-corp,2024-01-22,2024-01-22T04:00:00Z
2315,PushEvent,henry-backend,henry-backend/project-02,tech-corp,2024-01-22,2024-01-22T02:46:00Z
2316,PushEvent,henry-backend,henry-backend/project-02,tech-corp,2024-01-22,2024-01-22T23:26:00Z
2317,PushEvent,henry-backend,henry-backend/project-02,tech-corp,2024-01-22,2024-01-22T07:35:00Z
2318,PushEvent,henry-backend,henry-backend/project-02,tech-corp,2024-01-22,2024-01-22T01:28:00Z
2319,PushEvent,henry-backend,henry-backend/project-02,tech-corp,2024-01-22,2024-01-22T23:23:00Z
2320,PushEvent,henry-backend,henry-backend/project-02,tech-corp,2024-01-22,2024-01-22T09:03:00Z
2321,PushEvent,henry-backend,henry-backend/project-02,tech-corp,2024-01-22,2024-01-22T02:33:00Z
2322,PushEvent,henry-backend,henry-backend/project-02,tech-corp,2024-01-22,2024-01-22T16:22:00Z
2323,PushEvent,henry-backend,henry-backend/project-02,tech-corp,2024-01-22,2024-01-22T20:55:00Z
2324,PushEvent,henry-backend,henry-backend/project-02,tech-corp,2024-01-22,2024-01-22T19:22:00Z
2325,PushEvent,henry-backend,henry-backend/project-02,tech-corp,2024-01-22,2024-01-22T12:04:00Z
2326,PushEvent,henry-backend,henry-backend/project-02,tech-corp,2024-01-22,2024-01-22T20:40:00Z
2327,PushEvent,henry-backend,henry-backend/project-02,tech-corp,2024-01-22,2024-01-22T21:05:00Z
2328,PushEvent,henry-backend,henry-backend/project-02,tech-corp,2024-01-22,2024-01-22T04:56:00Z
2329,PushEvent,henry-backend,henry-backend/project-02,tech-corp,2024-01-22,2024-01-22T09:39:00Z
2330,PushEvent,henry-backend,henry-backend/project-02,tech-corp,2024-01-22,2024-01-22T06:38:00Z
2331,PushEvent,henry-backend,henry-backend/project-02,tech-corp,2024-01-22,2024-01-22T05:20:00Z
2332,PushEvent,henry-backend,henry-backend/project-02,tech-corp,2024-01-22,2024-01-22T19:02:00Z
2333,PushEvent,henry-backend,henry-backend/project-02,tech-corp,2024-01-22,2024-01-22T18:21:00Z
2334,PushEvent,henry-backend,henry-backend/project-02,tech-corp,2024-01-22,2024-01-22T14:03:00Z
2335,PullRequestEvent,henry-backend,henry-backend/project-02,tech-corp,2024-01-22,2024-01-22T18:35:00Z
2336,PullRequestEvent,henry-backend,henry-backend/project-02,tech-corp,2024-01-22,2024-01-22T14:40:00Z
2337,PullRequestEvent,henry-backend,henry-backend/project-02,tech-corp,2024-01-22,2024-01-22T04:12:00Z
2338,PullRequestEvent,henry-backend,henry-backend/project-02,tech-corp,2024-01-22,2024-01-22T22:57:00Z
2339,PullRequestEvent,henry-backend,henry-backend/project-02,tech-corp,2024-01-22,2024-01-22T17:29:00Z
2340,PullRequestEvent,henry-backend,henry-backend/project-02,tech-corp,2024-01-22,2024-01-22T04:24:00Z
2341,PullRequestEvent,henry-backend,henry-backend/project-02,tech-corp,2024-01-22,2024-01-22T15:26:00Z
2342,IssuesEvent,henry-backend,henry-backend/project-02,tech-corp,2024-01-22,2024-01-22T13:56:00Z
2343,IssuesEvent,henry-backend,henry-backend/project-02,tech-corp,2024-01-22,2024-01-22T15:58:00Z
2344,IssuesEvent,henry-backend,henry-backend/project-02,tech-corp,2024-01-22,2024-01-22T14:53:00Z
2345,PushEvent,henry-backend,henry-backend/project-03,tech-corp,2024-01-22,2024-01-22T06:15:00Z
2346,PushEvent,henry-backend,henry-backend/project-03,tech-corp,2024-01-22,2024-01-22T23:21:00Z
2347,PushEvent,henry-backend,henry-backend/project-03,tech-corp,2024-01-22,2024-01-22T20:53:00Z
2348,PushEvent,henry-backend,henry-backend/project-03,tech-corp,2024-01-22,2024-01-22T20:07:00Z
2349,PushEvent,henry-backend,henry-backend/project-03,tech-corp,2024-01-22,2024-01-22T16:15:00Z
2350,PushEvent,henry-backend,henry-backend/project-03,tech-corp,2024-01-22,2024-01-22T22:30:00Z
2351,PushEvent,henry-backend,henry-backend/project-03,tech-corp,2024-01-22,2024-01-22T09:09:00Z
2352,PushEvent,henry-backend,henry-backend/project-03,tech-corp,2024-01-22,2024-01-22T01:08:00Z
2353,PushEvent,henry-backend,henry-backend/project-03,tech-corp,2024-01-22,2024-01-22T16:10:00Z
2354,PushEvent,henry-backend,henry-backend/project-03,tech-corp,2024-01-22,2024-01-22T09:21:00Z
2355,PushEvent,henry-backend,henry-backend/project-03,tech-corp,2024-01-22,2024-01-22T16:03:00Z
2356,PushEvent,henry-backend,henry-backend/project-03,tech-corp,2024-01-22,2024-01-22T15:51:00Z
2357,PushEvent,henry-backend,henry-backend/project-03,tech-corp,2024-01-22,2024-01-22T14:24:00Z
2358,PushEvent,henry-backend,henry-backend/project-03,tech-corp,2024-01-22,2024-01-22T20:36:00Z
2359,PushEvent,henry-backend,henry-backend/project-03,tech-corp,2024-01-22,2024-01-22T05:48:00Z
2360,PushEvent,henry-backend,henry-backend/project-03,tech-corp,2024-01-22,2024-01-22T00:24:00Z
2361,PushEvent,henry-backend,henry-backend/project-03,tech-corp,2024-01-22,2024-01-22T18:35:00Z
2362,PushEvent,henry-backend,henry-backend/project-03,tech-corp,2024-01-22,2024-01-22T16:40:00Z
2363,PushEvent,henry-backend,henry-backend/project-03,tech-corp,2024-01-22,2024-01-22T23:01:00Z
2364,PushEvent,henry-backend,henry-backend/project-03,tech-corp,2024-01-22,2024-01-22T07:14:00Z
2365,PushEvent,henry-backend,henry-backend/project-03,tech-corp,2024-01-22,2024-01-22T06:58:00Z
2366,PushEvent,henry-backend,henry-backend/project-03,tech-corp,2024-01-22,2024-01-22T05:00:00Z
2367,PushEvent,henry-backend,henry-backend/project-03,tech-corp,2024-01-22,2024-01-22T14:22:00Z
2368,PushEvent,henry-backend,henry-backend/project-03,tech-corp,2024-01-22,2024-01-22T06:56:00Z
2369,PushEvent,henry-backend,henry-backend/project-03,tech-corp,2024-01-22,2024-01-22T16:33:00Z
2370,PushEvent,henry-backend,henry-backend/project-03,tech-corp,2024-01-22,2024-01-22T08:28:00Z
2371,PushEvent,henry-backend,henry-backend/project-03,tech-corp,2024-01-22,2024-01-22T08:12:00Z
2372,PullRequestEvent,henry-backend,henry-backend/project-03,tech-corp,2024-01-22,2024-01-22T05:19:00Z
2373,PullRequestEvent,henry-backend,henry-backend/project-03,tech-corp,2024-01-22,2024-01-22T19:52:00Z
2374,PullRequestEvent,henry-backend,henry-backend/project-03,tech-corp,2024-01-22,2024-01-22T02:16:00Z
2375,PullRequestEvent,henry-backend,henry-backend/project-03,tech-corp,2024-01-22,2024-01-22T16:11:00Z
2376,PullRequestEvent,henry-backend,henry-backend/project-03,tech-corp,2024-01-22,2024-01-22T15:46:00Z
2377,PullRequestEvent,henry-backend,henry-backend/project-03,tech-corp,2024-01-22,2024-01-22T12:54:00Z
2378,PullRequestEvent,henry-backend,henry-backend/project-03,tech-corp,2024-01-22,2024-01-22T00:16:00Z
2379,IssuesEvent,henry-backend,henry-backend/project-03,tech-corp,2024-01-22,2024-01-22T14:35:00Z
2380,IssuesEvent,henry-backend,henry-backend/project-03,tech-corp,2024-01-22,2024-01-22T03:17:00Z
2381,IssuesEvent,henry-backend,henry-backend/project-03,tech-corp,2024-01-22,2024-01-22T16:18:00Z
